Magnitud,id_event,Location,detect_seismO,detect_das,clipped
1.64,   uw61901506,47.50271373,,FALSE,FALSE
1.55, uw61901421,40.38181576,,TRUE,FALSE
1.54,  uw61901381,35.98943929,,FALSE,FALSE
1.42,   uw61901286,50.86747281,,FALSE,FALSE
1.43, uw61900971,75.11052326,,FALSE,FALSE
1.63, uw61900591,50.75966288,,FALSE,FALSE
1.66,   uw61900296,52.76372017,,FALSE,FALSE
1.44,   uw61900216,52.34641657,,FALSE,FALSE
1.54,  uw61891132,95.88651546,,FALSE,FALSE
1.61,   uw61890822,99.05147931,,FALSE,FALSE
1.58, uw61890797,98.34534773,,FALSE,FALSE
1.58,   uw61890702,25.83132026,,FALSE,FALSE
1.57,  uw61898681,55.75177094,,FALSE,FALSE
1.59,   uw61898286,24.12774096,,TRUE,FALSE
1.66,  uw61897806,36.58710676,,FALSE,FALSE
1.4,  uw61896881,24.70063929,,norecord,FALSE
1.55,  uw61886697,98.27557593,,FALSE,FALSE
1.52, uw61886687,97.82581031,,FALSE,FALSE
1.61, uw61885872,41.71131624,,FALSE,FALSE
1.44,   uw61893901,79.22086633,,FALSE,FALSE
1.64,   uw61893741,32.52206505,,FALSE,FALSE
1.5,   uw61893561,46.93645351,,FALSE,FALSE
1.54, uw61893451,32.29360913,,FALSE,FALSE
1.68, uw61892316,93.92713046,,FALSE,FALSE
1.58, uw61890876,86.26408775,,FALSE,FALSE
1.69,   uw61890091,78.34355307,,TRUE,FALSE
1.43,  uw61889401,42.73839983,,FALSE,FALSE
1.41,   uw61878407,11.29970076,,FALSE,FALSE
1.4, uw61877917,44.19969527,,FALSE,FALSE
1.64,  uw61875952,88.33477919,,FALSE,FALSE
1.54,uw61884291,31.39925479,,FALSE,FALSE
1.56,  uw61875077,37.95612508,,FALSE,FALSE
1.59,  uw61875042,62.64200631,,FALSE,FALSE
1.61,  uw61874622,15.98639136,,FALSE,FALSE
1.53,  uw61880481,45.48056474,,FALSE,FALSE
1.43, uw61880076,43.58044413,,FALSE,FALSE
1.55,   uw61879951,61.22161828,,FALSE,FALSE
1.49,    uw61879671,17.06813589,,FALSE,FALSE
1.5,   uw61879446,39.0983309,,FALSE,FALSE
1.66, uw61878861,83.68932731,,FALSE,FALSE
1.54,  uw61869672,39.76496745,,FALSE,FALSE
1.42,   uw61876666,53.52282185,,FALSE,FALSE
1.41,  uw61876641,53.52052709,,FALSE,FALSE
1.53,  uw61876256,81.47766987,,FALSE,FALSE
1.51,   uw61864637,71.75031922,,norecord,FALSE
1.4,  uw61864627,12.88315203,,norecord,FALSE
1.67,  uw61862727,40.86890657,,FALSE,FALSE
1.64, uw61862117,69.57030277,,FALSE,FALSE
1.58,  uw61859622,98.30513579,,FALSE,FALSE
1.44,  uw61867701,38.80406109,,FALSE,FALSE
1.55,  uw61866706,95.98508695,,FALSE,FALSE
1.53,   uw61856622,54.5978968,,FALSE,FALSE
1.44,   uw61856282,53.15062159,,FALSE,FALSE
1.47,   uw61863401,44.53315279,,FALSE,FALSE
1.66,   uw61862886,94.04445785,,FALSE,FALSE
1.53,   uw61862591,78.07161508,,FALSE,FALSE
1.53,    uw61851377,34.63666963,,norecord,FALSE
1.49,  uw61850647,97.24062322,,norecord,FALSE
1.47,   uw61849787,97.43546242,,norecord,FALSE
1.67,   uw61847987,62.48267342,,norecord,FALSE
1.52,uw61845207,43.0601934,,norecord,FALSE
1.46,  uw61844597,24.56442891,,norecord,FALSE
1.49,   uw61844542,98.55248538,,norecord,FALSE
1.52,  uw61851361,77.95962872,,norecord,FALSE
1.48,   uw61850276,40.51048511,,norecord,FALSE
1.56,  uw61848411,59.6887637,,norecord,FALSE
1.45,   uw61848076,79.6266213,,norecord,FALSE
1.43,  uw61847381,14.85860703,,FALSE,FALSE
1.68,   uw61837027,10.88078387,,FALSE,FALSE
1.64, uw61836327,58.93675711,,norecord,FALSE
1.44,   uw61835747,47.45461748,,norecord,FALSE
1.63,   uw61833832,41.84752095,,FALSE,FALSE
1.53,uw61832142,78.49594389,,FALSE,FALSE
1.59,  uw61831817,44.93901349,,,FALSE
1.42,  uw61829667,98.39738764,,norecord,FALSE
1.52,   uw61834436,100.6198541,,norecord,FALSE
1.46,  uw61833821,29.77322525,,norecord,FALSE
1.46,   uw61833671,98.753179,,norecord,FALSE
1.63,    uw61824027,17.99638035,,FALSE,FALSE
1.62,   uw61823317,98.58724172,,FALSE,FALSE
1.48,   uw61830741,27.27102425,,norecord,FALSE
1.66,  uw61820377,35.58489136,,FALSE,FALSE
1.41,  uw61826886,72.85364782,,FALSE,FALSE
1.52,   uw61817092,30.69826935,,FALSE,FALSE
1.7,uw61901366,131.8897944,,FALSE,FALSE
1.9,uw61901281,21.52825029,,TRUE,FALSE
1.7, uw61901221,15.59190368,,TRUE,FALSE
1.87,   uw61899186,25.0094501,,TRUE,FALSE
1.8,  uw61898701,124.9155736,,FALSE,FALSE
1.75,   uw61897976,36.76749538,,FALSE,FALSE
1.95,  uw61896996,176.5021743,,FALSE,FALSE
1.76,    uw61886532,145.2085612,,FALSE,FALSE
1.7, uw61885787,105.8264607,,FALSE,FALSE
1.93,  uw61893896,112.9119209,,FALSE,FALSE
1.73,   uw61881742,85.05135264,,FALSE,FALSE
1.73,  uw61890241,19.29161012,,TRUE,FALSE
1.74,  uw61889281,149.5543576,,FALSE,FALSE
1.82, uw61888846,17.30597007,,TRUE,FALSE
1.75,   uw61878742,28.92673874,,TRUE,FALSE
1.92,    uw61878217,98.90618045,,FALSE,FALSE
1.9,  uw61877107,30.89706558,,norecord,FALSE
1.84,  uw61884286,31.67518175,,FALSE,FALSE
1.82,   uw61874612,102.0852149,,FALSE,FALSE
1.83, uw61879156,9.877955053,,FALSE,FALSE
1.9,  uw61869802,38.89569202,,FALSE,FALSE
1.85,   uw61869502,163.3339091,,FALSE,FALSE
1.74,   uw61862632,162.4684164,,FALSE,FALSE
1.88,   uw61861622,91.99946791,,FALSE,FALSE
1.97,  uw61859497,145.1159656,,FALSE,FALSE
1.75,  uw61868371,27.55107432,,FALSE,FALSE
1.83,   uw61868246,162.2379489,,FALSE,FALSE
1.98,   uw61867726,119.1740392,,FALSE,FALSE
1.98,  uw61862841,80.07435398,,FALSE,FALSE
1.98,   uw61862101,123.4468652,,FALSE,FALSE
1.76,uw61852977,132.8810758,,FALSE,FALSE
1.89,   uw61851232,147.4888779,,norecord,FALSE
1.86,   uw61847807,37.58268088,,norecord,FALSE
1.72,   uw61845982,136.1973065,,norecord,FALSE
1.92,   uw61850536,23.91365301,,norecord,FALSE
1.8,  uw61850516,152.1617983,,norecord,FALSE
1.72,   uw61837182,170.7816735,,FALSE,FALSE
1.77,  uw61842061,12.55362759,,FALSE,FALSE
1.75,  uw61832102,78.55405977,,FALSE,FALSE
1.92,   uw61832047,99.07566481,,FALSE,FALSE
1.8,   uw61831742,38.08277923,,FALSE,FALSE
1.81,   uw61828417,112.8254647,,norecord,FALSE
1.97,   uw61834496,38.09930823,,norecord,FALSE
1.99,   uw61822352,158.9691886,,norecord,FALSE
1.89,  uw61830496,45.25576743,,norecord,FALSE
1.9,   uw61819432,85.97703557,,FALSE,FALSE
1.7,  uw61827001,118.0742206,,FALSE,FALSE
1.74,    uw61817307,113.5529052,,FALSE,FALSE
1.85, uw61816742,77.31455718,,FALSE,FALSE
1.93,    uw61815647,52.16873289,,FALSE,FALSE
1.87,  uw61814957,138.2858879,,norecord,FALSE
2.36,uw61898746,122.8289414,,FALSE,FALSE
2.27,   uw61897961,24.36238465,,TRUE,FALSE
2.07,   uw61897196,156.3214902,,norecord,FALSE
2.01,  uw61897176,278.2508935,,FALSE,FALSE
2.05,  uw61896521,243.9456121,,FALSE,FALSE
2.16, uw61896076,161.0726382,,norecord,FALSE
2.12, uw61886652,97.90895483,,TRUE,FALSE
2.28,  uw61886022,393.9220643,,FALSE,FALSE
2.17, uw61893556,184.0190109,,FALSE,FALSE
2.03,  uw61893551,184.6442039,,FALSE,FALSE
2.01,  uw61893221,175.3245505,,FALSE,FALSE
2,  uw61881707,98.54392802,,FALSE,FALSE
2.07, uw61881647,98.71553688,,FALSE,FALSE
2.1,   uw61881632,140.8680623,,FALSE,FALSE
2.2,   us6000iveq,456.873845,,FALSE,FALSE
2.03,  uw61888976,207.4429932,,FALSE,FALSE
2.09,  uw61888836,182.4183772,,FALSE,FALSE
2.25,  uw61887936,46.87123876,,TRUE,FALSE
2.27,   uw61877877,206.7513595,,FALSE,FALSE
2.08, uw61886456,328.7552325,,FALSE,FALSE
2.1,  us6000irh0,487.554362,,FALSE,FALSE
2.11,   uw61876372,130.0209973,,FALSE,FALSE
2.1,   uw61876232,140.4077106,,FALSE,FALSE
2.16,  uw61875882,61.1939779,,FALSE,FALSE
2.35, uw61875787,89.21744268,,FALSE,FALSE
2.16,  uw61881081,131.9587399,,FALSE,FALSE
2.01,  uw61881076,408.7221799,,FALSE,FALSE
2.21,   uw61878866,161.9197604,,FALSE,FALSE
2.33,   uw61869752,40.83314064,,FALSE,FALSE
2.05, uw61868737,30.26415134,,FALSE,FALSE
2.11,uw61867992,195.9835658,,FALSE,FALSE
2.01,   uw61876651,346.239143,,FALSE,FALSE
2.01,  uw61866742,228.727861,,FALSE,FALSE
2.27,  uw61864987,206.0325988,,FALSE,FALSE
2.24,  uw61864672,281.4245125,,FALSE,FALSE
2.04,  uw61864632,115.8809735,,FALSE,FALSE
2.07, uw61864572,122.0821242,,norecord,FALSE
2.33,  uw61864522,124.5353918,,norecord,FALSE
2, us6000i8vc,469.4449278,,FALSE,FALSE
2.12,   uw61860752,400.4126374,,FALSE,FALSE
2.32, uw61868286,100.1794578,,FALSE,FALSE
2.16,  uw61855862,279.7137295,,FALSE,FALSE
2.12, uw61855762,317.7446904,,FALSE,FALSE
2.32,  uw61852972,133.0839633,,FALSE,FALSE
2.01, uw61851512,131.9979002,,FALSE,FALSE
2.04, uw61850577,226.7844869,,FALSE,FALSE
2.19,uw61847802,175.9715959,,FALSE,FALSE
2.37,  uw61846877,257.023889,,FALSE,FALSE
2.05,  uw61845037,124.2830369,,FALSE,FALSE
2.2,   us7000hizj,259.3204888,,FALSE,FALSE
2.35,  uw61844987,60.81334984,,norecord,FALSE
2.01,  uw61840202,71.45071534,,norecord,FALSE
2.12,  uw61837622,168.4672206,,FALSE,FALSE
2.18,  uw61834292,272.1835239,,FALSE,FALSE
2.16,   uw61841171,79.55452809,,FALSE,FALSE
2.06,   uw61832082,98.66797272,,FALSE,FALSE
2.29,  uw61832042,99.06060001,,FALSE,FALSE
2.3,   us7000h7ee,227.9875696,,FALSE,FALSE
2.06,   uw61836306,88.92978713,,norecord,FALSE
2.35,   uw61834816,38.18143782,,norecord,FALSE
2,  uw61834471,28.32712578,,norecord,FALSE
2.03,  mb80544114,496.5529269,,FALSE,FALSE
2.39, uw61833266,217.9945861,,FALSE,FALSE
2.25,  uw61823992,130.4716223,,FALSE,FALSE
2.19,uw61827596,219.7411373,,FALSE,FALSE
2,  uw61827076,169.406757,,FALSE,FALSE
2.5,    us7000j2i4,663.7475751,,FALSE,FALSE
2.53,    uw61901446,599.3226216,,FALSE,FALSE
2.5,   us7000j1bq,660.0203688,,FALSE,FALSE
2.48,uw61900991,638.2443298,,FALSE,FALSE
2.41,   uw61900911,142.0272091,,FALSE,FALSE
2.5,   us7000j3c4,652.1905457,,FALSE,FALSE
2.6,   us6000jbq0,647.4423874,,FALSE,FALSE
2.6,    us6000jbhj,697.7053574,,FALSE,FALSE
2.68,   uw61898306,33.92639463,,TRUE,FALSE
2.41,   uw61898191,20.5917495,,TRUE,FALSE
2.4,   us6000j8fk,264.7028678,,FALSE,FALSE
2.5,    us6000j8bh,667.3716241,,FALSE,FALSE
2.6,   nn00852947,668.8947963,,FALSE,FALSE
2.4,    us6000j70g,219.7984386,,norecord,FALSE
2.6,  us6000j6uk,664.2114803,,FALSE,FALSE
2.6,    us6000j6hs,653.6937123,,FALSE,FALSE
2.4,   uw61896266,229.6747271,,norecord,FALSE
2.6,    us7000isak,532.5495475,,FALSE,FALSE
2.6,   us7000ir87,601.2304112,,FALSE,FALSE
2.6, us7000ipke,664.8075896,,FALSE,FALSE
2.6,   us7000j3dw,664.6834247,,FALSE,FALSE
2.4,  us7000in5h,239.9434646,,FALSE,FALSE
2.5,  us7000ilg8,671.563466,,FALSE,FALSE
2.6, us6000iu7d,690.5837562,,FALSE,FALSE
2.59, nc73791271,671.242756,,FALSE,FALSE
2.4,us6000is6l,214.5246569,,TRUE,FALSE
2.6,  us6000ir4k,659.7234481,,FALSE,FALSE
2.6,  us6000ir2b,692.5180047,,FALSE,FALSE
2.4,  us6000iq2y,695.0883633,,FALSE,FALSE
2.5,  us6000ipvn,677.4207015,,FALSE,FALSE
2.5,us7000ikdx,664.0576302,,FALSE,FALSE
2.5,   us7000ikdw,665.4950733,,FALSE,FALSE
2.45,   uw61874392,272.6796121,,FALSE,FALSE
2.4,   us7000iaeb,671.4297276,,FALSE,FALSE
2.5,   us7000ia61,663.5323313,,FALSE,FALSE
2.5,  us7000ia2w,699.4518025,,FALSE,FALSE
2.4, us7000i92q,649.981986,,FALSE,FALSE
2.5,us7000i7iy,660.8509018,,FALSE,FALSE
2.4, us6000iij0,683.6932772,,FALSE,FALSE
2.4,  us7000i559,678.8956103,,FALSE,FALSE
2.5,  us7000i54m,681.5232951,,FALSE,FALSE
2.4,us7000i52c,686.9717561,,FALSE,FALSE
2.4, us6000ip7y,651.5349209,,FALSE,FALSE
2.5, us7000i2w5,670.1888335,,FALSE,FALSE
2.5,us6000icjn,686.8290047,,FALSE,FALSE
2.5,  us6000ic8r,663.0736364,,FALSE,FALSE
2.4, us6000ib5k,681.9546824,,FALSE,FALSE
2.6,  us6000iaub,671.4121232,,FALSE,FALSE
2.56,  uw61862587,74.86984172,,TRUE,FALSE
2.6,  us6000i9jl,671.460497,,FALSE,FALSE
2.6,  us6000i7tr,660.0308476,,FALSE,FALSE
2.5,  us6000i627,664.5987397,,FALSE,FALSE
2.41, mb80552134,688.9935456,,FALSE,FALSE
2.57,  uw61855012,98.26140085,,TRUE,FALSE
2.4,  us7000hrws,603.3558732,,FALSE,FALSE
2.5, us6000i2r5,688.3653213,,FALSE,FALSE
2.5,  us6000i2dt,615.4195685,,FALSE,FALSE
2.6,  us6000i1lh,689.6238625,,FALSE,FALSE
2.4,  us6000i12e,198.4333829,,norecord,FALSE
2.4,  us6000hzm6,599.9225795,,FALSE,FALSE
2.4,us6000hzjr,600.5422361,,FALSE,FALSE
2.6,   us6000hzja,601.8852618,,FALSE,FALSE
2.5,  us6000hzj4,601.4368808,,FALSE,FALSE
2.46, uw61847792,37.39473368,,norecord,FALSE
2.4,us7000hkmm,647.2482874,,FALSE,FALSE
2.4,  uw61846087,22.61587088,,FALSE,FALSE
2.64, uw61854526,51.02298239,,norecord,FALSE
2.4, us7000hj4r,648.9590538,,FALSE,FALSE
2.4, us7000hhft,695.510399,,FALSE,FALSE
2.41,uw61850311,220.5003218,,norecord,FALSE
2.42,mb80548259,658.3347255,,FALSE,FALSE
2.65,  uw61840137,226.0685372,,norecord,FALSE
2.5, us7000he0f,668.0499129,,FALSE,FALSE
2.5, us7000hdvq,655.8072739,,FALSE,FALSE
2.6,us6000hn6i,659.5974827,,FALSE,FALSE
2.4, mb80545974,670.0190129,,FALSE,FALSE
2.42, mb80545534,660.2322285,,FALSE,FALSE
2.4, us7000h81t,665.7739682,,FALSE,FALSE
2.44,  mb80545094,655.2099237,,FALSE,FALSE
2.5, us7000h61x,648.4639848,,FALSE,FALSE
2.62, nc73726266,686.2251275,,FALSE,FALSE
2.51, uw61835256,107.9178926,,norecord,FALSE
2.4, us6000hgfa,667.4417473,,norecord,FALSE
2.6,  us6000hgez,601.4141144,,norecord,FALSE
2.6,   us6000hg6u,665.1914589,,norecord,FALSE
2.5,  us7000h09u,651.6323726,,FALSE,FALSE
2.69,  uw61819402,152.0930269,,TRUE,FALSE
2.4,  us6000h6x9,687.9084572,,FALSE,FALSE
2.4,  us6000h5x8,662.7574444,,norecord,FALSE
2.61,  uw61814392,346.2281806,,norecord,FALSE
2.88,uw61891152,113.5903229,TRUE,TRUE,FALSE
2.7,us6000ja7y,599.93577,TRUE,FALSE,FALSE
2.9,us6000ja7t,601.710486,TRUE,FALSE,FALSE
2.75,uw61898611,124.646945,TRUE,TRUE,FALSE
2.91,uw61898541,121.801425,TRUE,TRUE,FALSE
2.95,uw61876107,178.5321,TRUE,TRUE,FALSE
2.9,us6000infa,596.5551,TRUE,FALSE,FALSE
2.9,us6000i8av,599.6089165,FALSE,FALSE,FALSE
2.7,us6000i80c,526.5222342,FALSE,FALSE,FALSE
2.84,uw61856377,248.1119,FALSE,FALSE,FALSE
2.95,uw61846212,78.62399,TRUE,norecord,FALSE
2.92,uw61844657,161.00184,TRUE,norecord,FALSE
2.81,uw61850651,79.24398,TRUE,norecord,FALSE
2.7,uw61835187,277.0798,TRUE,FALSE,FALSE
2.7,us7000hcbz,603.19457,FALSE,FALSE,FALSE
2.8,us6000hmwy,602.20606,TRUE,TRUE,FALSE
2.77,uw61828387,282.6653,FALSE,norecord,FALSE
2.89,uw61819867,92.9805166,FALSE,TRUE,FALSE
2.8,us7000gz4k,602.21445,TRUE,FALSE,FALSE
3.9,us7000j3g5,496.37283166655294,TRUE,FALSE,FALSE
3.8,us7000j3f8,495.27594040064685,TRUE,FALSE,FALSE
4.9,us7000ishe,332.6787252902081,FALSE,TRUE,FALSE
4.4,us7000iqsk,583.3353794372889,TRUE,TRUE,TRUE
3.4,us7000imha,602.592266158783,TRUE,norecord,FALSE
3.5,us7000im59,597.0096293332506,TRUE,FALSE,FALSE
3.2,us7000ikhh,596.0913688261065,TRUE,TRUE,FALSE
3.3,us6000itsl,597.8178306230259,TRUE,TRUE,FALSE
4.39,uw61886506,346.5030454717795,TRUE,TRUE,FALSE
3.3,us6000ipd3,496.7911229932186,TRUE,FALSE,FALSE
3.49,uw61882431,185.3769723446732,TRUE,TRUE,FALSE
3.9,us7000ia3v,604.1145283182999,TRUE,FALSE,FALSE
4.4,us7000i88d,579.4845534821417,TRUE,FALSE,FALSE
3.71,uw61869652,39.35106266823719,TRUE,TRUE,FALSE
3.3,us7000i36x,573.8936783624619,TRUE,FALSE?,FALSE
3.05,uw61862977,218.25305681456007,TRUE,FALSE,FALSE
4,us6000iac9,450.93925673503094,TRUE,FALSE,FALSE
3.1,us6000iabx,592.3069471456715,TRUE,FALSE,FALSE
4.6,us6000i90r,492.77258906856275,FALSE,TRUE,FALSE
3.06,uw61860022,50.64851655962677,TRUE,TRUE,FALSE
3.1,us6000hziu,600.1343484929553,TRUE,norecord,FALSE
3.16,uw61836427,169.29939079021034,TRUE,norecord,FALSE
3,us6000hn38,487.5323277722057,TRUE,FALSE,FALSE
3.4,uw61832097,79.54169944864928,TRUE,TRUE,FALSE
4.1,us7000h76t,504.91095364234235,TRUE,norecord,FALSE
3.56,uw61835766,85.66178412639579,TRUE,norecord,FALSE
3.9,us7000h3bv,592.4911947741417,TRUE,FALSE,FALSE
4.2,us7000h21e,577.249354,TRUE,FALSE,FALSE
5.2,tx2022yplg,2418.909404,,FALSE,FALSE
5.3,us6000j5n4,1024.500265,,TRUE,FALSE
6.2,us7000irjd,1938.76693,,FALSE,FALSE
5.4,tx2022wmmd,2360.922511,,TRUE,TRUE
6.1,us7000imgl,2331.073665,,norecord,FALSE
6,us7000ilwt,2023.744702,,TRUE,FALSE
5.06,nc73799091,1149.95326,,FALSE,FALSE
5,ak022ci7x3po,1856.220917,,FALSE,FALSE
5.4,us6000inv3,2485.446458,,FALSE,FALSE
5.2,us6000i8nr,2404.245676,,FALSE,FALSE
5.1,us7000hiar,2082.519864,,norecord,FALSE
5.1,us7000hial,2077.449728,,norecord,FALSE
5.2,us7000hiaj,2084.99346,,norecord,FALSE
4.60,us7000j16q,2731.795098436813,,FALSE,FALSE
4.50,us6000jbgr,2929.5384895648644,,FALSE,FALSE
4.90,us6000jatf,2770.0003632331436,,FALSE,FALSE
5.20,tx2022yplg,2418.909403637782,,INCONCLUSIVE,FALSE
4.70,ak022fwcrh7q,2256.077126274793,,FALSE,FALSE
5.30,us6000j5n4,1024.5002651839634,,TRUE,FALSE
4.80,us6000j5mm,1023.8283930937897,,TRUE,TRUE
4.70,tx2022xaxs,2361.5928606653647,,FALSE,FALSE
4.50,tx2022xaxp,2361.7780179939145,,FALSE,FALSE
4.50,us7000irm7,1916.9029563002373,,FALSE,FALSE
4.60,ak022ew2o34l,2469.519318380123,,FALSE,FALSE
4.90,ak022esj2eua,2330.8416123106877,,FALSE,FALSE
5.40,tx2022wmmd,2360.922511214417,,INCONCLUSIVE,FALSE
4.50,us7000iq5k,1062.0946779477376,,TRUE,TRUE
4.90,us7000ikg1,2730.5179597639244,,FALSE,FALSE
5.06,nc73799091,1149.9532603985165,,FALSE,FALSE
4.60,ak022d3h4vns,2361.9485728279483,,FALSE,FALSE
4.60,us6000isdt,2696.8113391607217,,FALSE,FALSE
4.60,ak022cyflofc,2499.2332951072785,,FALSE,FALSE
4.80,ak022ctr3qn3,2238.783248432741,,FALSE,FALSE
4.80,ak022cs4ljsx,2432.8121012995975,,FALSE,FALSE
4.60,ak022crtctc4,2403.760740375668,,FALSE,FALSE
5.00,ak022ci7x3po,1856.220916576755,,FALSE,FALSE
5.40,us6000inv3,2485.44645826814,,FALSE,FALSE
4.80,ak022c9tj4z7,2131.3520115051633,,FALSE,FALSE
5.10,ak022c33bs2x,2500.5981748358113,,FALSE,FALSE
4.50,ak022c1bhn1i,2493.4949966033887,,FALSE,FALSE
4.50,ak022bl566ot,2273.8198693409813,,norecord,FALSE
4.50,ak022b4iwtja,2431.8739816552634,,FALSE,FALSE
4.50,ak022b4ivns4,2429.7841789322956,,FALSE,FALSE
4.80,ak022air9dp1,2456.7772701496665,,norecord,FALSE
4.50,tx2022pqec,2333.151283101365,,FALSE,FALSE
5.20,us6000i8nr,2404.2456763964983,,FALSE,FALSE
4.70,us6000i8kr,2810.2657548356283,,FALSE,FALSE
4.90,tx2022oeha,2333.677631391205,,FALSE,FALSE
4.58,ci40063391,1382.9568774556608,,FALSE,FALSE
4.50,us6000i21g,2879.108131976332,,norecord,FALSE
4.60,us6000i1t1,2528.4874325668325,,norecord,FALSE
4.80,ak0228vb1a7q,2348.906900598341,,norecord,FALSE
5.10,us7000hiar,2082.5198644589454,,norecord,FALSE
5.10,us7000hial,2077.4497276474717,,norecord,FALSE
5.20,us7000hiaj,2084.993460351982,,norecord,FALSE
4.50,us7000hga4,2681.9999971415054,,norecord,FALSE
4.70,us7000hetv,2726.3689929870634,,FALSE,FALSE
4.90,ak02271dz3na,2525.343910759694,,FALSE,FALSE
4.60,tx2022krce,2323.377283291434,,FALSE,FALSE
4.50,ak0225xn3cm6,2555.3025159463973,,FALSE,FALSE
5.40,ak0225f7eevn,2505.735922780635,,norecord,FALSE
5.40,ak0225agijwj,2457.527302138143,,norecord,FALSE
5.20,us6000hfh7,2820.358357537965,,FALSE,FALSE
4.54,ci40236864,1805.1057179192735,,FALSE,FALSE
4.50,us7000h1qn,2700.4727803118335,,FALSE,FALSE
4.60,ak0224lr0ipu,2507.8486463371723,,FALSE,FALSE
4.60,tx2022fvwu,2334.7094046828624,,FALSE,FALSE
4.80,ak0223rx1x1y,2422.703883,,FALSE,FALSE
5.6,us6000j9es,4965.5798274532335,,FALSE,FALSE
6.3,us6000j985,4174.163508614526,,TRUE,TRUE
6.0,us6000j8lp,3921.869559726767,,TRUE,FALSE
5.9,us7000isuh,7075.636368131813,,FALSE,FALSE
6.2,us7000irjd,1938.7669303182943,,FALSE,FALSE
6.1,us7000ipkm,8015.651749644429,,INCONCLUSIVE,TRUE
5.8,us7000ip7p,4715.071866328949,,INCONCLUSIVE,FALSE
6.1,us7000imgl,2331.073665195166,,norecord,FALSE
5.7,us7000imeu,4883.712049046939,,norecord,FALSE
6.0,us7000ilwt,2023.7447022768733,,TRUE,FALSE
5.6,us7000ilgs,7123.06854631738,,FALSE,FALSE
6.7,us6000iv6c,5817.635984739482,,FALSE,FALSE
6.3,us6000iu4b,5833.003597364734,,INCONCLUSIVE,FALSE
5.8,us6000ir0b,7101.230697904327,,FALSE,FALSE
5.7,us6000iq9e,2932.4473543540294,,FALSE,FALSE
6.0,us6000ipva,5781.446832120389,,FALSE,FALSE
5.8,us6000ipdh,5803.871751178098,,FALSE,FALSE
5.8,us7000ib26,5780.473922163561,,FALSE,FALSE
6.8,us7000ia36,3704.798962066889,,INCONCLUSIVE,FALSE
6.0,us7000i9l5,4799.092845880651,,FALSE,FALSE
5.8,us7000i9hm,3667.6775753014304,,FALSE,FALSE
7.6,us7000i9bw,3685.381567701018,,TRUE,FALSE
5.6,us6000ibi3,7776.409246334898,,norecord,FALSE
5.9,us6000i8vz,6584.237745385987,,INCONCLUSIVE,FALSE
5.7,us6000i7xr,7765.771533431631,,FALSE,FALSE
5.6,us6000i6pa,5322.313047818272,,FALSE,FALSE
5.7,us7000htbb,6740.3645642538595,,FALSE,FALSE
5.9,us6000i3hy,5588.564836,,FALSE,FALSE
5.6,us6000i3bs,7805.0766050526145,,FALSE,FALSE
5.7,us6000i2j3,6878.841187016246,,FALSE,FALSE
5.6,us6000i1xv,7809.338591474674,,norecord,FALSE
5.6,us6000i1wq,7788.3680169219415,,norecord,FALSE
6.8,us6000i1wg,7820.799756720224,,norecord,FALSE
5.9,us6000hzas,6803.032938007475,,norecord,FALSE
5.8,us7000hjsm,7742.685948313044,,norecord,FALSE
6.3,us7000hf1u,4180.561002494668,,INCONCLUSIVE,FALSE
6.0,us6000hn4d,7792.623964654941,,FALSE,FALSE
5.8,us6000hmv1,5094.883290840482,,FALSE,FALSE
5.7,us6000hlxv,4183.98446433875,,FALSE,FALSE
5.6,us6000hlxg,7781.677150717669,,INCONCLUSIVE,FALSE
5.6,us7000h5t8,6019.151400782566,,norecord,FALSE
5.6,us6000hfyj,6128.533346628334,,norecord,FALSE
6.6,us6000hf75,5183.086144805515,,INCONCLUSIVE,FALSE
5.7,us7000h0x9,4181.059974373789,,FALSE,FALSE
5.80,us7000gxlu,6612.515382,,FALSE,FALSE
4.35,nc73822026,806.0884386293848,,FALSE,FALSE
4.4,us6000j8dw,1933.100742448872,,FALSE,FALSE
4.4,ak022fo7wvld,2426.8429740852034,,FALSE,FALSE
4.3,us6000j5p3,1016.0937530393094,,norecord,FALSE
4.3,us6000j5ne,1017.4919826398495,,norecord,FALSE
4.3,us6000j5my,1018.4158966171316,,norecord,FALSE
4.3,us7000iskd,1940.0964786618276,,norecord,FALSE
4.3,us7000is09,1922.6095910464185,,norecord,FALSE
4.3,ak022f0tjq2y,2325.190733947604,,INCONCLUSIVE,FALSE
4.3,ak022eh3regx,2432.3455723490342,,FALSE,FALSE
4.3,us7000imyu,2335.3948548828603,,FALSE,FALSE
4.4,ak022dlqyea8,2535.530906064382,,FALSE,FALSE
4.4,ak022djyj1sr,2399.0052272109097,,FALSE,FALSE
4.32,nc73796766,817.2781161314116,,FALSE,FALSE
4.3,ak022dbpjlyw,2405.753838503313,,FALSE,FALSE
4.3,ak022d3hm4tb,2534.4373068518416,,INCONCLUSIVE,FALSE
4.4,ak022d0am9ta,2378.725565458992,,INCONCLUSIVE,FALSE
4.3,ak022cyq6c4q,2540.251506467578,,FALSE,FALSE
4.4,us6000ir0a,2027.1377224154674,,FALSE,FALSE
4.3,ak022cn6hybw,2467.884144145861,,FALSE,FALSE
4.3,us6000ipeh,2683.952177098047,,FALSE,FALSE
4.3,us6000invq,2478.408489134975,,FALSE,FALSE
4.4,us7000i9d9,1417.8331080213761,,FALSE,FALSE
4.39,nc73781306,1020.1478821286521,,FALSE,FALSE
4.4,ak022bq1181n,2509.3849609300987,,FALSE,FALSE
4.4,ak022beea1dl,2299.8726229667163,,FALSE,FALSE
4.4,tx2022rdfr,2362.5405478694793,,FALSE,FALSE
4.4,ak022b2x7oak,2676.5789929839902,,FALSE,FALSE
4.4,us7000i3dm,881.8722016799247,,FALSE,FALSE
4.4,us6000ibfj,731.6126709550641,,norecord,FALSE
4.3,us6000iakl,717.5572003881481,,INCONCLUSIVE,FALSE
4.3,us6000i9du,730.6393068985279,,INCONCLUSIVE,FALSE
4.45,nc73765585,1034.1559675758901,,FALSE,FALSE
4.3,ak0229gyw936,2453.118255431893,,FALSE,FALSE
4.4,us6000i2w5,2043.7732781999384,,FALSE,FALSE
4.4,ak0228v89eiv,2225.4357848870045,,norecord,FALSE
4.4,ak0228qeea2m,2148.226675400253,,norecord,FALSE
4.4,ak0228iazqeb,2432.0542529242903,,norecord,FALSE
4.4,us7000hhiy,699.8512876026825,,norecord,FALSE
4.3,us7000hhir,679.3648363681505,,norecord,FALSE
4.4,ak02279oo1os,2511.43410048874,,norecord,FALSE
4.3,tx2022kzot,2323.6768091505514,,norecord,FALSE
4.4,ak02271cjvho,2517.1998106909373,,FALSE,FALSE
4.3,tx2022kras,2365.199371559005,,FALSE,FALSE
4.3,ak0226pmqwk1,2380.918653885241,,norecord,FALSE
4.4,ak0225vr9lag,2400.8570809354487,,FALSE,FALSE
4.4,ak0225gzngj1,2504.2052231378143,,norecord,FALSE
4.3,us7000h19g,2964.365007506224,,norecord,FALSE
4.4,us7000h0vb,654.4744990671053,,FALSE,FALSE
4.3,ak0223mx6yrz',2460.306781,,norecord,FALSE
4.14,ci40151807,1659.1824417664818,,FALSE,FALSE
4.16,nc73824236,800.0706876968305,,FALSE,TRUE
4.2,us6000jb3s,2680.6119185109937,,FALSE,FALSE
4.2,us6000j8mi,666.3592693597333,,TRUE,FALSE
4.1,us7000it0d,1020.9225351073958,,INCONCLUSIVE,FALSE
4.1,ak022epk1ihi,2375.0947283951364,,FALSE,FALSE
4.2,us7000imzs,626.4006962377605,,FALSE,FALSE
4.2,us7000iln9,2371.2825560007013,,FALSE,FALSE
4.1,ak022dytrpaq,2413.679569813042,,FALSE,FALSE
4.2,ak022dxdnf6d,2256.2068726498933,,FALSE,FALSE
4.1,nc73798306,799.6255040133858,,INCONCLUSIVE,FALSE
4.1,us6000itdq,707.087105673276,,FALSE,FALSE
4.2,ak022d0f2h3p,1501.0030750847388,,FALSE,FALSE
4.2,ak022cyfkbwn,1571.348704757266,,FALSE,FALSE
4.1,ak022ctqflju,2240.859361690609,,FALSE,FALSE
4.2,us6000ircv,1870.0055384857862,,FALSE,FALSE
4.1,ak022cjvjpsi,2415.9262366256467,,FALSE,FALSE
4.1,ak022c4o9ui7,2444.897551105073,,FALSE,FALSE
4.2,ak022c1fq39l,2453.345642287709,,FALSE,FALSE
4.29,nc71129069,1019.4361732329797,,FALSE,FALSE
4.1,ak022bro1hab,2264.059260096112,,FALSE,FALSE
4.1,us7000i7nq,2342.3299356834586,,FALSE,FALSE
4.2,ak022b2q4dl2,2191.6527645922465,,FALSE,FALSE
4.1,ak022auilau5,2418.7542888496337,,FALSE,FALSE
4.2,ak022ahfnyru,2334.5248410827962,,norecord,FALSE
4.2,ak022a29vrl5,2300.0729225314826,,FALSE,FALSE
4.2,tx2022orir,2336.269225390986,,FALSE,FALSE
4.29,ci40069263,1810.4394387247573,,INCONCLUSIVE,FALSE
4.24,nc73761796,912.1178003319277,,FALSE,FALSE
4.1,ak022970mhvc,2389.6401513750984,,FALSE,FALSE
4.2,ak0228jtsg0o,2513.6845018901054,,norecord,FALSE
4.2,us6000hyvi,2804.438052142398,,norecord,FALSE
4.19,nc73752031,980.8510895375756,,norecord,FALSE
4.2,us7000hij8,705.1691378188282,,,FALSE
4.2,us7000hhj9,710.6335931770957,,norecord,FALSE
4.1,us7000hhj0,686.1073912859308,,norecord,FALSE
4.2,us7000hhih,693.9401328797042,,norecord,FALSE
4.2,us7000hgyx,2879.009286605515,,norecord,FALSE
4.2,us7000hga1,2606.4999260172517,,norecord,FALSE
4.1,tx2022ldmr,2330.398865548227,,norecord,FALSE
4.2,us7000heu1,2684.820982949899,,INCONCLUSIVE,FALSE
4.2,us7000heth,2738.6462931072674,,FALSE,FALSE
4.1,ak02271e1tit,2458.191608020155,,FALSE,FALSE
4.14,nc73740051,1064.1480447902343,,FALSE,FALSE
4.2,us7000he30,2634.1103123578373,,FALSE,FALSE
4.2,us7000he0s,2641.438547419284,,FALSE,FALSE
4.28,ci40027143,1398.5879620038756,,norecord,FALSE
4.2,ak022690cqso,1587.5523218241497,,FALSE,FALSE
4.1,us6000hkr4,679.0679913089658,,FALSE,FALSE
4.22,uu60497322,1005.2475204231869,,INCONCLUSIVE,FALSE
4.1,us7000h83p,953.8011745177681,,FALSE,FALSE
4.2,us7000h6zh,2763.4680607048163,,norecord,FALSE
4.1,ak0225ijhvyy,2310.234763123659,,norecord,FALSE
4.1,us7000h5y9,2695.5603371355664,,norecord,FALSE
4.1,us6000hg3m,1971.9406265936093,,norecord,FALSE
4.1,us7000h1h8,2768.609092776229,no,norecord,FALSE
4.2,us7000h0uz,660.924366567529,,FALSE,FALSE
4.2,ak0223wvhy9y,2464.176919127202,,FALSE,FALSE
4.1,us6000h5jh,2714.718312,,norecord,FALSE
3.9,us7000j1kj,611.0568072773164,,TRUE,FALSE
3.9,us7000j5l9,2862.41836571168,,FALSE,FALSE
3.9,nc73827436,1231.6268335029868,,INCONCLUSIVE,FALSE
3.9,us7000j35i,671.6358501261195,,TRUE,FALSE
3.9,ak022gjpe38p,2386.457114708214,,FALSE,FALSE
3.99,nc73821636,796.1598540516112,,INCONCLUSIVE,FALSE
4.0,ak022g68dit8,2418.4158060869336,,FALSE,FALSE
3.98,nc73814971,1315.1950252933962,TRUE,FALSE,FALSE
3.9,us6000j6zh,2039.2745620394935,TRUE,FALSE,FALSE
3.91,nc73813816,1210.4902735203716,TRUE,FALSE,FALSE
3.9,us6000j5nj,1018.8906609944967,TRUE,FALSE,FALSE
4.0,ak022eza9c3z,2323.4612960418226,,FALSE,FALSE
4.0,us7000ir0z,2714.9559693959077,,FALSE,FALSE
4.0,tx2022wrbx,2360.9096957355105,,FALSE,FALSE
4.0,ak022er8tbc2,2402.680556581262,,FALSE,FALSE
4.0,tx2022wmog,2361.0024119090795,,FALSE,FALSE
4.0,us6000j6g2,1059.6070927326807,,FALSE,FALSE
3.9,ak022enoxqzc,2519.623794373667,,FALSE,FALSE
4.0,ak022em8x7yr,2420.7810043421,,FALSE,FALSE
3.9,us7000ip84,2325.1679629323066,,FALSE,FALSE
3.9,ak022eh2gm4w,2463.0414984386925,,FALSE,FALSE
3.9,ak022eh2gdzx,2453.209350315576,,FALSE,FALSE
3.9,ak022efo2p1a,2583.813408397325,,FALSE,FALSE
3.9,ak022efbkfka,2172.017222559868,,FALSE,FALSE
4.04,ci40129847,1873.293797691122,,FALSE,FALSE
3.9,us7000ikzz,2868.4403787848614,,FALSE,FALSE
3.9,us6000ivft,952.8279522680112,,FALSE,FALSE
3.9,ak022d1sy1uy,2531.063084959919,,FALSE,FALSE
3.9,ak022d1pwr8z,2295.8706579252953,,INCONCLUSIVE,FALSE
3.9,us7000ia3v,604.1145283182999,,FALSE,FALSE
3.96,nc73783911,875.3270859469086,,FALSE,FALSE
4.0,us7000i9dc,2784.376737191153,,FALSE,FALSE
3.9,ak022c1mqc69,2386.716592266645,,FALSE,FALSE
3.93,uu60515582,941.4210631888012,,FALSE,FALSE
4.0,nc73774300,1237.4147495034454,,FALSE,FALSE
3.9,nn00846122,1114.905241753362,,FALSE,FALSE
4.03,ci40334320,1795.718392156088,,FALSE,FALSE
3.9,ak022axozwr6,2259.0154696895415,,FALSE,FALSE
4.0,ak022aueoot6,2372.5923058011163,,FALSE,FALSE
3.9,ak022afjs5lj,2460.7696151251344,,norecord,FALSE
3.9,us6000ia6p,719.0639699663132,,TRUE,FALSE
4.0,ak022a2i3i78,2520.770431514935,,FALSE,FALSE
3.9,tx2022piya,2319.8517563564137,,FALSE,FALSE
3.9,us6000i8lp,2775.5106906756173,,FALSE,FALSE
3.9,nc73763275,835.4901862155128,,FALSE,FALSE
4.0,us7000ht45,686.5499363848203,,INCONCLUSIVE,FALSE
3.9,us6000i3q4,2684.0814674623516,,FALSE,FALSE
3.9,ak02293q6iwe,2507.458583034307,,FALSE,FALSE
4.0,us6000i30i,1887.8918971314101,,FALSE,FALSE
4.0,ak0228s9eh5g,2382.228988862618,,norecord,FALSE
4.0,ak0228ghq6rr,2453.9132161503476,,norecord,FALSE
3.9,nn00842016,1111.9472116513627,,norecord,FALSE
3.9,ak022832lqxz,2610.941563598385,,norecord,FALSE
4.0,ak0227v49mcw,2373.9448901507867,,norecord,FALSE
3.9,us7000hi3l,684.0078070920283,,norecord,FALSE
3.9,nn00841009,1114.588601230721,,norecord,FALSE
3.9,us7000hirs,673.9358856565897,,norecord,FALSE
4.0,us7000hhii,689.9761563890222,,norecord,FALSE
4.0,ak0227l4uzkp,2410.8498689460616,,norecord,FALSE
3.9,tx2022kzqw,2433.7271724182033,,norecord,FALSE
3.9,ak0227606vos,2297.5825114277523,,FALSE,FALSE
4.0,us7000hg6u,2734.869229472414,,FALSE,FALSE
3.9,us6000hnap,2867.379927795129,,FALSE,FALSE
4.0,ak0226kn9sac,2339.7079073749464,,FALSE,FALSE
3.9,ak0226j3bf1o,2457.2010026732582,,FALSE,FALSE
4.0,ak0225xnc2ur,2398.9517638674733,,FALSE,FALSE
3.9,ak0225vr8ytd,2453.478341691765,,FALSE,FALSE
4.0,us7000h72v,885.9658742462074,,norecord,FALSE
3.9,ak0225kcgsqf,2516.7104559670697,,norecord,FALSE
4.0,tx2022ihbu,2364.4573527271427,,norecord,FALSE
4.0,tx2022ifjt,2364.1416798297064,,norecord,FALSE
4.0,ak02255f18x6,2324.9341528411164,,FALSE,FALSE
3.9,ak022528qsom,2395.0827339792036,,FALSE,FALSE
3.93,ci39989439,1907.2817656073287,,FALSE,FALSE
4.07,nc73714181,810.6135740525705,,FALSE,FALSE
3.93,nc73712486,1177.5448771618844,,FALSE,FALSE
4.0,tx2022futk,2334.184982523163,,FALSE,FALSE
3.99,nc73707021,1039.060526,,norecord,FALSE
3.8,ak0236vqk1t,2380.3624364991333,,FALSE,FALSE
3.8,us6000jbf8,949.9604544245756,,FALSE,FALSE
3.7,ak022gegwuon,2460.189165210402,,FALSE,FALSE
3.7,ak022gd1s7i7,2362.756935600403,,FALSE,FALSE
3.79,nc73823036,826.3934790680217,,FALSE,FALSE
3.8,ak022gcxjshe,2304.028512048518,,FALSE,FALSE
3.8,us6000jaw1,664.0227524616405,,TRUE,FALSE
3.8,ak022g2xuequ,2404.4224925880294,,FALSE,FALSE
3.8,ak022g1kll1g,2387.488903616749,,FALSE,FALSE
3.8,us6000j9dx,633.0889767923401,,TRUE,FALSE
3.8,us6000j7ai,677.3604372985783,,INCONCLUSIVE,FALSE
3.82,ci40383192,1728.0650460219504,,FALSE,FALSE
3.7,ak022f5yk4ry,2108.2054078508318,,FALSE,FALSE
3.7,ak022f2s8yw9,2189.4327698671837,,FALSE,FALSE
3.7,ak022f0vf8dz,2527.118439731876,,FALSE,FALSE
3.7,ak022er8a918,2393.4632335407414,,FALSE,FALSE
3.8,tx2022wnac,2361.6004371802155,,FALSE,FALSE
3.7,us7000iq4e,616.2129137089033,,TRUE,FALSE
3.8,ak022eh2gg0i,2460.1832621623375,,FALSE,FALSE
3.81,ci40129871,1876.3500351045977,,FALSE,FALSE
3.76,nc73804556,910.0812144127264,,FALSE,FALSE
3.78,uu60523487,1412.078557405185,,FALSE,FALSE
3.8,us7000im23,2111.1478342340015,,FALSE,FALSE
3.8,us7000ip70,2674.707969736041,,FALSE,FALSE
3.7,tx2022uqvy,2335.4407882056094,,FALSE,FALSE
3.7,ak022dgupn0v,2312.798628802506,,FALSE,FALSE
3.79,ci40363688,1780.5306739915218,,FALSE,FALSE
3.8,us6000isn0,1915.7798547153411,,FALSE,FALSE
3.8,ak022d04emm9,996.3604749008188,,FALSE,FALSE
3.7,ak022crxd45r,2333.5418821361823,,FALSE,FALSE
3.7,us6000ipyl,2698.281204209182,,FALSE,FALSE
3.7,ci40107167,1387.48082982107,,FALSE,FALSE
3.8,ak022c6kb7ip,2401.382122460347,,FALSE,FALSE
3.7,ak022bycvk4h,2388.550489574152,,FALSE,FALSE
3.7,ak022by16k9e,2409.7411455509914,,FALSE,FALSE
3.8,ak022brrinwo,2426.573863584176,,FALSE,FALSE
3.7,tx2022rdfm,2363.5420508177185,,FALSE,FALSE
3.7,us6000icz8,1700.5647976839848,,INCONCLUSIVE,FALSE
3.803475183,tx2022qaqd,2459.796539777984,,norecord,FALSE
3.8,ak022ace9o3q,2410.755923809559,,FALSE,FALSE
3.8,us6000i9vm,2395.6426865718518,,FALSE,FALSE
3.8,ak0229kcxxc2,2497.675424141314,,FALSE,FALSE
3.7,tx2022oosa,2337.1934566010827,,FALSE,FALSE
3.7,tx2022ooqf,2336.7479582012556,,FALSE,FALSE
3.8,ak0229decbdg,2372.2220586206013,,FALSE,FALSE
3.8,ci40065255,1386.9777053623434,,FALSE,FALSE
3.8,us6000i38f,2109.506061129514,,FALSE,FALSE
3.8,us6000i2be,2035.4282604994814,,FALSE,FALSE
3.8,us6000i212,2110.037227579355,,norecord,FALSE
3.8,us6000i1v7,2808.779824918441,,norecord,FALSE
3.8,us6000i1ie,700.2236532485782,,norecord,FALSE
3.7,ak02281sxdf3,2456.311260716195,,norecord,FALSE
3.75,ci40287560,1796.3993030429915,,norecord,FALSE
3.8,tx2022lwae,2322.8893027102094,,norecord,FALSE
3.8,us7000hhj7,649.3618081099173,,norecord,FALSE
3.8,us7000hirx,669.429579836314,,norecord,FALSE
3.8,us7000hhi7,659.2906651874307,,norecord,FALSE
3.79,nc73743421,836.8799600607745,,norecord,FALSE
3.76,uu60500212,1419.1664329476123,,FALSE,FALSE
3.83,ci40029871,1828.0227226811257,,FALSE,FALSE
3.8,ak0226ktfk4r,2461.1550561175054,,FALSE,FALSE
3.7,ak0226amguwk,1820.452619748264,,FALSE,FALSE
3.76,ci40019919,1592.7776184452184,,FALSE,FALSE
3.7,ak02268yd4vt,2406.6282489065125,,FALSE,FALSE
3.7,ak02265uhdnr,2356.1775812144288,,FALSE,FALSE
3.8,ak0225k9jj1o,2319.2645821032825,,FALSE,FALSE
3.7,ak022570mxkd,2421.260215526628,,FALSE,FALSE
3.72,ci40241440,1734.2737020845927,,FALSE,FALSE
3.77,ci40238728,1856.8992878971526,,FALSE,FALSE
3.8,ak0224na81px,2518.797410771106,,FALSE,FALSE
3.7,us7000h0h7,641.7599976602006,,FALSE,FALSE
3.8,nc73714176,811.3422674987216,,FALSE,FALSE
3.7,ak02246o6s9l,2325.8856371749375,,FALSE,FALSE
3.8,tx2022giza,2336.030561838838,,FALSE,FALSE
3.7,ak022457ri7o,2698.921423155967,,FALSE,FALSE
3.7,ak02241ooeyw,2440.991376687805,,FALSE,FALSE
3.7,tx2022fzug,2364.271741036625,,FALSE,FALSE
3.8,us6000h5zq,1430.6900965705252,,norecord,FALSE
3.7,us6000h5zm,2041.3419857169984,,norecord,FALSE
3.8,us6000h5ip,2007.935262,,norecord,FALSE
3.52,nc73821111,808.4736570605011,,FALSE,FALSE
3.57,nc73819746,1081.442015606762,,FALSE,FALSE
3.56,ci40142983,1387.314291718035,,FALSE,FALSE
3.5,nn00852719,667.4906975051806,,FALSE,FALSE
3.59,nc73814941,1148.3065275573858,,FALSE,FALSE
3.6,us6000j8vs,1726.2396539428178,,FALSE,FALSE
3.5,nn00851914,1111.9599455244322,,FALSE,FALSE
3.57,uu60525357,1070.4930096714495,,FALSE,FALSE
3.58,uu60524772,1053.1550301649322,,FALSE,FALSE
3.69,ci40129839,1873.3622920395112,,FALSE,FALSE
3.6,us7000in01,662.6431083401611,,FALSE,FALSE
3.5,us7000il9j,1801.582605730016,,FALSE,FALSE
3.66,nc73799821,832.2580302111827,,FALSE,FALSE
3.54,nc73799186,1150.0339672758507,,FALSE,FALSE
3.67,ci40359712,1426.6763652631269,,FALSE,FALSE
3.54,nc73792396,1037.6998540984646,,FALSE,FALSE
3.5,us6000isuu,1806.9353414425923,,FALSE,FALSE
3.54,ci40359000,1919.9566594649918,,FALSE,FALSE
3.57,ci40355512,1802.3943358418765,,FALSE,FALSE
3.5,us7000ib2z,1793.8473565437985,,FALSE,FALSE
3.69,nc73784121,834.8637818023357,,FALSE,FALSE
3.53,ci40102247,1632.2308726480348,,FALSE,FALSE
3.65,nc73782441,1039.4326660754489,,FALSE,FALSE
3.57,ci40095559,1565.2168818185908,,FALSE,FALSE
3.5,us7000i2hn,658.0035936266261,,FALSE,FALSE
3.57,nc73767655,777.1281391565516,,FALSE,FALSE
3.57,ci40079375,1798.3523139138017,,FALSE,FALSE
3.6,us6000i982,672.0486389084202,,FALSE,FALSE
3.52,ci40076855,1872.7476070933772,,FALSE,FALSE
3.55,ci40065151,1621.3009163687539,,FALSE,FALSE
3.58,ci40063127,1683.06654194015,,FALSE,FALSE
3.58,ci40302920,1717.5266077986503,,norecord,FALSE
3.5,nn00842587,1115.940289976101,,norecord,FALSE
3.5,nn00842579,1116.251065108996,,norecord,FALSE
3.54,ci40298688,1684.3012386257217,,norecord,FALSE
3.53,ci40297864,1382.1069150528529,,norecord,FALSE
3.5,nn00842158,1115.4462111312653,,norecord,FALSE
3.54,nc73752561,850.9120048637427,,norecord,FALSE
3.55,ci40036719,1387.1602460744355,,norecord,FALSE
3.68,ci40032983,1670.0517662475645,,FALSE,FALSE
3.64,nc73739346,836.5084396868015,,FALSE,FALSE
3.5,us7000hdg8,657.3355470981339,,FALSE,FALSE
3.5,us7000hc6l,711.8834974142591,,FALSE,FALSE
3.53,ci40255392,1407.271871392299,,FALSE,FALSE
3.54,ci40255120,1698.4563186787302,,FALSE,FALSE
3.62,ci40243288,1735.9419761540842,,norecord,FALSE
3.61,ci40241424,1734.3054520166734,,FALSE,FALSE
3.62,ci39985119,1469.4343830357268,,FALSE,FALSE
3.54,nc73713331,740.4570534487171,,FALSE,FALSE
3.5,nn00836469,1113.016597950566,,FALSE,FALSE
3.67,nc73710361,947.2991391910326,,FALSE,FALSE
3.58,nc73707826,1183.953657,,norecord,FALSE
7,us7000j2yw,9847.3789,,TRUE,FALSE
6.8,  us6000j6w8,8602.435988,,FALSE,FALSE
7,  us7000irfb,9931.060985,,TRUE,FALSE
6.9,  us7000iqpn,13749.12318,,FALSE,FALSE
7,    us7000ip8h,9354.894364,,TRUE,FALSE
7.3,   us7000ip0l,8924.818898,,TRUE,FALSE
7,  us7000ingi,10091.95959,,FALSE,FALSE
6.8, us7000ingh,10088.32497,,FALSE,FALSE
6.7,  us6000iv6c,5817.635985,,norecord,FALSE
6.8,   us7000ia36,3704.798962,,TRUE,FALSE
7.6,us7000i9bw,3685.381568,,TRUE,FALSE
6.9,    us7000i90q,9926.674051,,TRUE,FALSE
7,  us7000i7ya,10157.09921,,TRUE,FALSE
7.6,   us6000iitd,10611.82265,,TRUE,FALSE
6.9,   us7000i53f,10879.49447,,FALSE,FALSE
7,    us6000i5rd,10455.92319,,FALSE,FALSE
6.8,   us6000i1wg,7820.799757,,norecord,FALSE
7.2,    us7000hcmn,8638.937015,,norecord,FALSE
6.9,   us6000hm9j,13475.95302,,FALSE,FALSE
6.8,   us7000h8g3,9642.977968,,TRUE,FALSE
7,   us7000gymk,10270.84687,,FALSE,FALSE
6.9,   us7000gyj0,10278.31419,,FALSE,FALSE
6.7,    us6000h6nr,9888.408282,,TRUE,FALSE
6.7,  us6000h6ne,8305.173804,,FALSE,FALSE
5.35,nc73827571,815.8239223,,TRUE,FALSE
4.92,nc73821046,806.3864283,,TRUE,TRUE
6.4,nc73821036,809.8546474,,TRUE,TRUE
4.9,us6000j8c6,877.2036006,,FALSE,FALSE
4.9,us7000ishe,332.6787253,,TRUE,FALSE
5.2,us7000irbr,606.808105,,TRUE,TRUE
5.6,us7000hhik,695.3034767,,norecord,FALSE
5.1,us7000hf29,790.1172363,,TRUE,FALSE
5.3,us6000hfx7,623.5308649,,norecord,FALSE
5.1,us7000gxl1,677.9990498,TRUE,FALSE,FALSE
1.87,uw61901501 ,285.5392322,,FALSE,FALSE
1.99,uw61897906 ,437.9871845,,FALSE,FALSE
1.73,uw61897486 ,227.4195761,,FALSE,FALSE
1.988659501,uw61896181 ,278.2588569,,FALSE,FALSE
1.95,uw61886777 ,274.2460587,,FALSE,FALSE
1.73,uw61890971 ,233.2909978,,FALSE,FALSE
1.78,uw61877862 ,218.6896768,,FALSE,FALSE
1.93,uw61877837 ,221.9165228,,FALSE,FALSE
1.8,uw61874602 ,221.2965054,,FALSE,FALSE
1.8,uw61874522 ,346.5293446,,FALSE,FALSE
1.96,uw61874432 ,227.4942611,,FALSE,FALSE
1.7,us6000iiep ,489.20781,,FALSE,FALSE
1.78,uw61868467 ,263.2290565,,FALSE,FALSE
1.84,uw61868017 ,302.0701575,,FALSE,FALSE
1.84,uw61866852 ,227.373535,,FALSE,FALSE
1.7,uw61865007 ,236.4100826,,FALSE,FALSE
1.82,uw61860967 ,264.5596646,,FALSE,FALSE
1.99,uw61868046 ,256.9501966,,FALSE,FALSE
1.93,uw61849772 ,219.4591014,,FALSE,FALSE
1.74,uw61844667 ,202.3865702,,FALSE,FALSE
1.92,mb80548774 ,490.7456008,,FALSE,FALSE
1.7,uw61847076 ,479.1634875,,FALSE,FALSE
1.9,uw61834307 ,243.7136739,,FALSE,FALSE
1.85,uw61822442 ,227.9756034,,FALSE,FALSE
1.89,uw61830441 ,263.0790986,,FALSE,FALSE
1.70,uw61901366   ,131.8897944,,FALSE,FALSE
1.68,uw61901136   ,133.6047683,,FALSE,FALSE
1.54,uw61900236   ,164.3564132,,FALSE,FALSE
1.55,uw61900111   ,117.9367946,,FALSE,FALSE
1.49,uw61891157   ,113.5562009,,FALSE,FALSE
1.42,uw61891147   ,119.2041812,,FALSE,FALSE
1.58,uw61891142   ,157.8551648,,FALSE,FALSE
1.64,uw61890912   ,156.6263599,,FALSE,FALSE
1.63,uw61898801   ,162.3585321,,FALSE,FALSE
1.68,uw61898436   ,157.1328208,,FALSE,FALSE
1.56,uw61898386   ,184.1396115,,FALSE,FALSE
1.47,uw61898186   ,140.7107007,,TRUE,FALSE
1.40,uw61897826   ,132.4096806,,FALSE,FALSE
1.40,uw61897101   ,153.3740711,,FALSE,FALSE
1.55,uw61896966   ,149.2490038,,FALSE,FALSE
1.66,uw61896586   ,135.5640041,,FALSE,FALSE
1.59,uw61896576   ,176.3705642,,FALSE,FALSE
1.69,uw61896346   ,197.7273054,,FALSE,FALSE
1.60,uw61886377   ,124.7812951,,FALSE,FALSE
1.55,uw61885792   ,201.8448295,,FALSE,FALSE
1.70,uw61885787   ,105.8264607,,FALSE,FALSE
1.56,uw61893701   ,127.6986102,,FALSE,FALSE
1.57,uw61893326   ,122.842235,,FALSE,FALSE
1.42,uw61892976   ,161.7393703,,FALSE,FALSE
1.58,uw61881697   ,107.2452163,,FALSE,FALSE
1.54,uw61881512   ,161.8652345,,FALSE,FALSE
1.45,uw61889396   ,149.4459283,,FALSE,FALSE
1.46,uw61888711   ,131.1405991,,FALSE,FALSE
1.58,uw61888296   ,101.9254665,,FALSE,FALSE
1.49,uw61877282   ,126.3342625,,FALSE,FALSE
1.49,uw61876272   ,169.2386767,,FALSE,FALSE
1.54,uw61875622   ,151.0126416,,FALSE,FALSE
1.44,uw61874742   ,140.0750937,,FALSE,FALSE
1.63,uw61881046   ,131.5705143,,FALSE,FALSE
1.61,uw61879811   ,131.1263909,,FALSE,FALSE
1.47,uw61869727   ,132.0791969,,FALSE,FALSE
1.46,uw61869567   ,202.2782903,,FALSE,FALSE
1.67,uw61868542   ,137.6326446,,FALSE,FALSE
1.68,uw61866737   ,124.0950607,,FALSE,FALSE
1.44,uw61866727   ,132.324342,,FALSE,FALSE
1.57,uw61865382   ,151.2666525,,FALSE,FALSE
1.55,uw61865367   ,139.6199677,,FALSE,FALSE
1.45,uw61865192   ,168.4503057,,FALSE,FALSE
1.50,uw61864767   ,166.9238583,,FALSE,FALSE
1.53,uw61864762   ,189.2931095,,FALSE,FALSE
1.49,uw61873236   ,128.1553573,,FALSE,FALSE
1.42,uw61863742   ,130.71504,,FALSE,FALSE
1.40,uw61863737   ,129.5251329,,FALSE,FALSE
1.40,uw61863097   ,129.7437637,,FALSE,FALSE
1.53,uw61862497   ,117.5944511,,FALSE,FALSE
1.46,uw61862327   ,128.7821711,,FALSE,FALSE
1.51,uw61860777   ,128.9526909,,FALSE,FALSE
1.46,uw61860362   ,128.5403685,,FALSE,FALSE
1.56,uw61859362   ,108.881424,,FALSE,FALSE
1.49,uw61867296   ,126.6568388,,FALSE,FALSE
1.53,uw61856152   ,176.471429,,FALSE,FALSE
1.52,uw61863421   ,145.9042587,,FALSE,FALSE
1.58,uw61863091   ,126.17936,,FALSE,FALSE
1.55,uw61863036   ,121.7981236,,FALSE,FALSE
1.48,uw61862971   ,122.9297346,,FALSE,FALSE
1.54,uw61849882   ,128.6225999,,FALSE,FALSE
1.60,uw61849377   ,163.8748747,,FALSE,FALSE
1.40,uw61846547   ,174.9092897,,FALSE,FALSE
1.53,uw61845527   ,130.7449513,,FALSE,FALSE
1.53,uw61851956   ,163.2549059,,FALSE,FALSE
1.50,uw61837432   ,183.7322854,,FALSE,FALSE
1.57,uw61834142   ,109.6607803,,FALSE,FALSE
1.51,uw61829022   ,109.3703885,,FALSE,FALSE
1.44,uw61837176   ,163.3572691,,FALSE,FALSE
1.64,uw61836136   ,157.8821426,,FALSE,FALSE
1.52,uw61834436   ,100.6198541,,FALSE,FALSE
1.40,uw61833361   ,168.0360908,,FALSE,FALSE
1.47,uw61827961   ,153.7232091,,FALSE,FALSE
1.70,uw61827001   ,118.0742206,,FALSE,FALSE
1.63,uw61817197   ,152.7732011,,FALSE,FALSE
1.54,uw61816537   ,151.5444435,,FALSE,FALSE
1.41,uw61814777 ,123.0213484,,FALSE,FALSE
2.2,us6000ja37  ,602.9190764,,FALSE,FALSE
2,us6000jr5g  ,653.1840045,,FALSE,FALSE
2,us7000isre  ,649.8422841,,FALSE,FALSE
2.2,us6000jjwz  ,649.4824811,,FALSE,FALSE
2.15,uw61896236  ,604.0335241,,FALSE,FALSE
2.07,uw61886847  ,535.6838281,,FALSE,FALSE
2.2,us7000ir4g  ,552.9514784,,FALSE,FALSE
2.03,nc73803806  ,631.9650285,,FALSE,FALSE
2.12,uw61889026  ,638.162282,,FALSE,FALSE
2.1,us6000iqks  ,651.8020971,,FALSE,FALSE
2.1,us7000i9b2  ,606.0570377,,FALSE,FALSE
2.04,uw61881151  ,610.6915255,,FALSE,FALSE
2.1,us6000irfk  ,648.0163061,,FALSE,FALSE
2.14,uw61868217  ,652.9609001,,FALSE,FALSE
2.2,us7000i386  ,650.6434945,,FALSE,FALSE
2,us7000i353  ,650.400314,,FALSE,FALSE
2,us6000ip7t  ,650.8545195,,FALSE,FALSE
2.1,us6000ipw1  ,650.8454077,,FALSE,FALSE
2.3,us6000icvn  ,644.9621417,,FALSE,FALSE
2.1,us6000ic01  ,653.1702437,,norecord,FALSE
2,us7000ia26  ,592.4212394,,norecord,FALSE
2.1,us6000i85i  ,561.7453479,,FALSE,FALSE
2.13,mb80552309  ,652.3998468,,FALSE,FALSE
2.26,mb80550454  ,603.5099077,,norecord,FALSE
2.35,mb80550414  ,602.8490939,,norecord,FALSE
2.2,us6000hziy  ,601.5003035,,norecord,FALSE
2.05,mb80549879  ,648.0280249,,norecord,FALSE
2.19,mb80549639  ,569.4564944,,norecord,FALSE
2.24,uw61845512  ,511.4038779,,norecord,FALSE
2.16,mb80548889  ,648.5112463,,norecord,FALSE
2.01,mb80548704  ,602.7111984,,norecord,FALSE
2.09,uw61851611  ,516.6870303,,norecord,FALSE
2.2,us7000hges  ,651.2052418,,norecord,FALSE
2.16,mb80548394  ,647.9145019,,norecord,FALSE
2.1,us7000hfr1  ,653.2174634,,norecord,FALSE
2.15,mb80547319  ,603.0164261,,norecord,FALSE
2.01,mb80547169  ,653.0325674,,norecord,FALSE
2.04,mb80546654  ,602.9667177,,FALSE,FALSE
2.3,us6000hlr9  ,582.7728941,,FALSE,FALSE
2.09,mb80544584  ,603.035433,,norecord,FALSE
2.02,mb80542064  ,621.590957,,FALSE,FALSE
2.29,mb80541144  ,639.6348053,,FALSE,FALSE
2.39,uw61815012  ,585.0714352,,FALSE,FALSE
2.22,mb80541029 ,585.5544497,,norecord,FALSE
2.4,nc73829011   ,801.1747823,,FALSE,FALSE
2.46,nc73827486   ,800.2786245,,FALSE,FALSE
2.7,nc73827421   ,786.8823008,,FALSE,FALSE
2.54,nc73826471   ,796.5457049,,FALSE,FALSE
2.42,nc73824541   ,804.5195119,,FALSE,FALSE
2.68,nc73822836   ,795.7701291,,FALSE,FALSE
2.41,nc73822761   ,805.4919497,,FALSE,FALSE
2.65,nc73822711   ,791.1909416,,FALSE,FALSE
2.45,nc73822526   ,802.7130238,,FALSE,FALSE
2.48,nc73822496   ,805.8058501,,FALSE,FALSE
2.4,nc73822271   ,801.0025668,,FALSE,FALSE
2.56,nc73822251   ,797.034551,,FALSE,FALSE
2.53,nc73822246   ,796.2518747,,FALSE,FALSE
2.45,nc73822221   ,793.9876049,,FALSE,FALSE
2.49,nc73822211   ,800.7167408,,FALSE,FALSE
2.58,nc73822021   ,798.9801507,,FALSE,FALSE
2.53,nc73821996   ,806.0852418,,FALSE,FALSE
2.47,nc73821741   ,796.6864033,,FALSE,FALSE
2.44,nc73821696   ,793.3194892,,FALSE,FALSE
2.6,us6000jal4   ,788.1483261,,FALSE,FALSE
2.66,nc73821551   ,779.0021276,,FALSE,FALSE
2.52,nc73821386   ,796.6143529,,FALSE,FALSE
2.41,nc73821306   ,797.7910377,,FALSE,FALSE
2.59,nc73821121   ,806.0255055,,FALSE,FALSE
2.59,nc73821076   ,795.1077036,,FALSE,FALSE
2.51,nc73821071   ,795.7857314,,FALSE,FALSE
2.55,nc71129759   ,753.6348334,,FALSE,FALSE
2.54,nc73819026   ,780.6226043,,FALSE,FALSE
2.61,nc73797716   ,797.3211978,,FALSE,FALSE
2.47,nc73787866   ,801.9443612,,FALSE,FALSE
2.6,us7000i96k   ,745.3782437,,FALSE,FALSE
2.42,nc73781676   ,752.7830276,,FALSE,FALSE
2.49,nc73780451   ,794.5946863,,FALSE,FALSE
2.4,us7000i4dm   ,734.2049992,,FALSE,FALSE
2.5,us7000i3k9   ,742.3816003,,FALSE,FALSE
2.65,nc73771630   ,800.816793,,FALSE,FALSE
2.4,nc73768770   ,710.72276,,FALSE,FALSE
2.6,us6000i8ma   ,761.0934471,,FALSE,FALSE
2.7,us6000i7it   ,731.4109588,,FALSE,FALSE
2.4,us6000i653   ,746.6051638,,FALSE,FALSE
2.59,nc73751651   ,786.8474086,,norecord,norecord
2.68,nc73747016   ,798.4289694,,norecord,norecord
2.58,nc73745021   ,797.5681791,,norecord,norecord
2.5,us7000hdzr   ,726.4694598,,FALSE,FALSE
2.57,nc73736226   ,794.2152742,,FALSE,FALSE
2.5,us6000hlx4   ,745.4178253,,FALSE,FALSE
2.6,us6000hlts   ,757.4383132,,FALSE,FALSE
2.53,nc73729226   ,785.34234,,norecord,norecord
2.46,nc73728366   ,731.9071935,,norecord,norecord
2.66,nc73725601   ,763.3096894,,norecord,norecord
2.68,nc73719475   ,720.1711878,,FALSE,FALSE
2.7,us7000h2wc   ,721.5982156,,FALSE,FALSE
2.44,nc73711651   ,799.2105178,,FALSE,FALSE
2.63,nc73708346  ,782.2637619,,norecord,norecord
2.7,nc73827421   ,786.8823008,,FALSE,FALSE
2.97,nc73826156   ,797.8853715,,FALSE,FALSE
2.71,nc73822906   ,796.9068095,,norecord,FALSE
3,nc73822341   ,785.4715742,,FALSE,FALSE
2.77,nc73822256   ,804.3114047,,FALSE,FALSE
2.74,nc73822111   ,800.7454208,,FALSE,FALSE
2.8,nc73821986   ,776.7369814,,FALSE,FALSE
2.91,nc71129529   ,791.2276306,,FALSE,FALSE
2.99,nc73821346   ,797.0937898,,FALSE,FALSE
2.81,nc73821296   ,778.3149325,,FALSE,FALSE
2.71,nc73821181   ,800.4489675,,FALSE,FALSE
2.99,nc73821141   ,797.9892211,,FALSE,FALSE
2.81,nc73821081   ,797.1716388,,FALSE,FALSE
2.9,us7000ir24   ,734.3556375,,FALSE,FALSE
2.89,nc73794681   ,717.9519072,,FALSE,FALSE
2.8,us6000ite3   ,723.0093902,,FALSE,FALSE
2.91,nc73792246   ,758.2189684,,FALSE,FALSE
2.75,nc73792071   ,798.6511016,,FALSE,FALSE
2.78,nc71129254   ,712.4758611,,FALSE,FALSE
2.84,nc73775730   ,759.6003792,,FALSE,FALSE
2.7,us6000i7it   ,731.4109588,,FALSE,FALSE
2.71,nc73764571   ,772.2492056,,FALSE,FALSE
2.99,nc73758756   ,714.4998908,,FALSE,FALSE
2.98,nc73748321   ,779.8490132,,norecord,FALSE
2.75,mb80548559   ,713.7101927,,norecord,FALSE
2.85,nc73739276   ,762.773771,,FALSE,FALSE
2.74,nc73728246   ,732.5599771,,norecord,FALSE
2.72,nc73728211   ,802.5318585,,norecord,FALSE
2.73,nc73723030   ,803.6035963,,norecord,FALSE
2.7,us7000h2wc   ,721.5982156,,FALSE,FALSE
2.79,nc73717600  ,726.4175618,,FALSE,FALSE
2.66,nc73829906   ,984.8457343,,FALSE,FALSE
2.48,uu60529182   ,994.3594258,,FALSE,FALSE
2.5,nc73825756   ,985.7586496,,FALSE,FALSE
2.4,nc73821816   ,981.5484365,,FALSE,FALSE
2.69,nc73817871   ,977.6583005,,FALSE,FALSE
2.42,uu60527732   ,996.1684011,,FALSE,FALSE
2.58,nc73816436   ,984.1697692,,FALSE,FALSE
2.47,uu60526957   ,942.7193833,,FALSE,FALSE
2.49,nc73805130   ,982.6934666,,FALSE,FALSE
2.69,nc73805095   ,982.4552903,,FALSE,FALSE
2.59,uu60524952   ,940.4805236,,FALSE,FALSE
2.61,nc73803290   ,983.2198692,,FALSE,FALSE
2.63,nc73802750   ,909.814094,,FALSE,FALSE
2.45,nc73804561   ,910.027572,,FALSE,FALSE
2.4,nc73803951   ,981.8467989,,FALSE,FALSE
2.45,nc73803871   ,981.8848783,,FALSE,FALSE
2.45,uu60032064   ,942.4019539,,FALSE,FALSE
2.44,uu60523052   ,942.3362286,,FALSE,FALSE
2.4,nn00850394   ,944.1164721,,norecord,norecord
2.52,nc73798496   ,984.9231664,,FALSE,FALSE
2.6,nn00850566   ,993.9455488,,FALSE,FALSE
2.53,nc73797461   ,981.5912614,,FALSE,FALSE
2.55,nc71129239   ,981.8060023,,FALSE,FALSE
2.55,nc73795046   ,985.0142987,,FALSE,FALSE
2.41,nc73794746   ,981.5475714,,FALSE,FALSE
2.44,uu60520287   ,941.8528514,,FALSE,FALSE
2.51,uu60519237   ,959.4258284,,FALSE,FALSE
2.63,uu60031619   ,942.6417795,,FALSE,FALSE
2.7,nc73785906   ,983.6121946,,FALSE,FALSE
2.54,uu60517172   ,942.9671691,,FALSE,FALSE
2.43,uu60516832   ,945.607697,,FALSE,FALSE
2.69,uu60516617   ,942.0285659,,FALSE,FALSE
2.51,uu60515992   ,941.6636658,,FALSE,FALSE
2.42,uu60515667   ,942.0141031,,FALSE,FALSE
2.42,nc73780876   ,907.590812,,FALSE,FALSE
2.51,uu60514632   ,942.1638311,,FALSE,FALSE
2.57,nc73779741   ,986.2681229,,FALSE,FALSE
2.56,nc73776805   ,981.4179081,,FALSE,FALSE
2.42,nc73776385   ,985.1854635,,FALSE,FALSE
2.57,uu60513697   ,960.1497641,,FALSE,FALSE
2.41,uu60512947   ,941.6600746,,norecord,norecord
2.64,uu60511907   ,941.7155812,,FALSE,FALSE
2.59,nc73770065   ,980.0158188,,norecord,norecord
2.6,nn00845098   ,934.1760048,,norecord,norecord
2.49,uu60509787   ,961.8555582,,norecord,norecord
2.43,nc73767735   ,919.7292171,,FALSE,FALSE
2.7,us6000i9v2   ,974.5314569,,FALSE,FALSE
2.7,us6000i7dj   ,900.9517158,,FALSE,FALSE
2.45,uu60507672   ,942.4284486,,FALSE,FALSE
2.57,nc73761716   ,985.0367592,,FALSE,FALSE
2.4,nc73760846   ,981.1622594,,FALSE,FALSE
2.5,nc73759136   ,985.6977973,,FALSE,FALSE
2.52,uu60505192   ,922.265442,,norecord,norecord
2.54,nc73755121   ,986.894018,,norecord,norecord
2.56,nc73748071   ,981.9457717,,norecord,norecord
2.64,nc73746091   ,981.2317509,,norecord,norecord
2.44,uu60501592   ,941.7229917,,norecord,norecord
2.62,nc73741011   ,990.1338646,,norecord,norecord
2.67,nc73740866   ,986.3707113,,FALSE,FALSE
2.51,nc73740571   ,928.8858065,,FALSE,FALSE
2.52,nc73739416   ,988.1212926,,FALSE,FALSE
2.5,nc73739051   ,982.8598331,,norecord,norecord
2.7,nn00838659   ,1000.913253,,TRUE,FALSE
2.6,nn00838515   ,990.353894,,FALSE,FALSE
2.51,nc73730346   ,980.8356394,,FALSE,FALSE
2.66,nc73728746   ,981.7021776,,norecord,norecord
2.54,uu60495002   ,924.7667588,,norecord,norecord
2.59,uu60487537   ,934.7143733,,FALSE,FALSE
2.57,nc73711436   ,924.1455385,,FALSE,FALSE
2.49,nc73709601   ,981.2894445,,FALSE,FALSE
2.68,nc73708841   ,983.9464871,,FALSE,FALSE
2.44,nc73707531  ,927.8062961,,norecord,norecord
3.9,us7000j1kj,611.0568073,,TRUE,FALSE
3.4,us7000j1ks,637.2150986,,TRUE,FALSE
3.9,us7000j35i,671.6358501,,FALSE,FALSE
3.4,us6000jbhb,695.6388164,,FALSE,FALSE
3.8,us6000jaw1,664.0227525,,FALSE,FALSE
4.6,us6000jaqz,621.0418629,,TRUE,FALSE
3.8,us6000j9dx,633.0889768,,FALSE,FALSE
4.5,us6000j96b,649.1443857,,TRUE,FALSE
4.2,us6000j8mi,666.3592694,,TRUE,FALSE
3.1,nn00852980,667.1975771,,norecord,norecord
4.6,us6000j7ce,665.7636219,,norecord,norecord
3.8,us6000j7ai,677.3604373,,TRUE,FALSE
3.5,nn00852719,667.4906975,,FALSE,FALSE
3,us6000j6te,666.3281057,,FALSE,FALSE
3.4,us7000iqeg,605.5200957,,FALSE,FALSE
3.7,us7000iq4e,616.2129137,,TRUE,FALSE
3.1,us7000ipi7,609.7670484,,FALSE,FALSE
3,us7000ipb5,673.9601154,,norecord,norecord
3.6,us7000in01,662.6431083,,FALSE,FALSE
4.2,us7000imzs,626.4006962,,FALSE,FALSE
3.4,us7000imha,602.5922662,,norecord,norecord
3,us7000ills,654.5927413,,FALSE,FALSE
3,us6000iw52,665.9019237,,FALSE,FALSE
3.4,us6000iud0,664.1207392,,FALSE,FALSE
3.2,us6000itul,615.9390964,,FALSE,FALSE
3,us6000is7b,631.4875509,,FALSE,FALSE
3.3,us6000irha,630.6417227,,FALSE,FALSE
3.1,us6000iqwy,678.6582673,,FALSE,FALSE
3.4,us7000iaj6,612.1700566,,FALSE,FALSE
3.4,us7000iaj2,639.5819656,,FALSE,FALSE
3.9,us7000ia3v,604.1145283,,norecord,norecord
3,us7000ia2r,682.5920598,,FALSE,FALSE
3.2,us7000ia0r,674.8205235,,FALSE,FALSE
3.3,us7000i54s,665.8724552,,FALSE,FALSE
3.4,us7000i54n,672.9477442,,FALSE,FALSE
3.4,us7000i54i,671.3723756,,FALSE,FALSE
3.2,nn00848278,667.5215231,,FALSE,FALSE
3.5,us7000i2hn,658.0035936,,norecord,norecord
3.1,us6000ibx7,624.8691237,,norecord,norecord
3.6,us6000i982,672.0486389,,FALSE,FALSE
4,us7000ht45,686.5499364,,FALSE,FALSE
3.2,us7000hsax,670.103827,,FALSE,FALSE
3.8,us6000i1ie,700.2236532,,norecord,norecord
3.1,us6000i1bg,681.635216,,norecord,norecord
3.1,us6000hziu,600.1343485,,norecord,norecord
3.22,uw61844772,626.7556118,,norecord,norecord
4.2,us7000hij8,705.1691378,,norecord,norecord
3.9,us7000hi3l,684.0078071,,norecord,norecord
3.2,us7000hhzj,663.2533257,,norecord,norecord
3.8,us7000hhj7,649.3618081,,norecord,norecord
4.1,us7000hhj0,686.1073913,,norecord,norecord
4.4,us7000hhiy,699.8512876,,norecord,norecord
3.9,us7000hirs,673.9358857,,norecord,norecord
4.3,us7000hhir,679.3648364,,norecord,norecord
4,us7000hhii,689.9761564,,norecord,norecord
4.2,us7000hhih,693.9401329,,norecord,norecord
3.8,us7000hirx,669.4295798,,norecord,norecord
3.8,us7000hhi7,659.2906652,,norecord,norecord
4.6,us7000hh4b,663.1340042,,norecord,norecord
3.5,us7000hdg8,657.3355471,,FALSE,FALSE
3,us6000hn9c,672.3454828,,FALSE,FALSE
3,us6000hmlj,613.3711903,,norecord,norecord
4.1,us6000hkr4,679.0679913,,FALSE,FALSE
3.4,us7000h8b7,678.6749619,,FALSE,FALSE
4.4,us7000h0vb,654.4744991,,FALSE,FALSE
4.2,us7000h0uz,660.9243666,,FALSE,FALSE
3.7,us7000h0h7,641.7599977,,FALSE,FALSE
3.08,nc73708446,705.0020458,,FALSE,FALSE
3.1,us6000h5ew,681.2865263,,norecord,norecord
3.1,us6000h5eu,679.2836827,,norecord,norecord
3.23,nc73829351,803.8354132,,FALSE,FALSE
3.27,nc73829331,786.6187577,,FALSE,FALSE
3.3,us7000j292,848.6021543,,FALSE,FALSE
4.16,nc73824236,800.0706877,,FALSE,FALSE
3.79,nc73823036,826.3934791,,FALSE,FALSE
3.33,nc73822961,810.1996967,,FALSE,FALSE
3.3,nc73822556,796.4732163,,FALSE,FALSE
3,nc73822341,785.4715742,,FALSE,FALSE
3.02,nc73822146,812.6663377,,TRUE,FALSE
4.35,nc73822026,806.0884386,,FALSE,FALSE
3.2,nc73821761,808.2761418,,FALSE,FALSE
3.18,nc73821666,805.840221,,FALSE,FALSE
3.01,nc73821656,798.7131393,,FALSE,FALSE
3.99,nc73821636,796.1598541,,FALSE,FALSE
3.31,nc73821516,809.9823239,,FALSE,FALSE
3.4,nc73821486,808.0417182,,norecord,norecord
3.02,nc73821226,807.6544515,,FALSE,FALSE
3.52,nc73821111,808.4736571,,FALSE,FALSE
3.05,nc73821106,801.4109243,,FALSE,FALSE
4.92,nc73821046,806.3864283,,,TRUE
4.9,us6000j8c6,877.2036006,,norecord,norecord
3.08,nc73812636,846.1975813,,FALSE,FALSE
3.4,us7000iqzh,740.6052429,,TRUE,FALSE
3.24,nc73804010,838.9275241,,norecord,norecord
3.28,nc73803210,842.1088443,,FALSE,FALSE
3.3,nn00850805,868.9131689,,FALSE,FALSE
3.66,nc73799821,832.2580302,,FALSE,FALSE
4.1,nc73798306,799.625504,,FALSE,FALSE
4.32,nc73796766,817.2781161,,FALSE,FALSE
4.1,us6000itdq,707.0871057,,TRUE,FALSE
3.1,nn00848420,865.0370177,,FALSE,FALSE
4.84,nc73785481,838.1109544,,FALSE,FALSE
3.69,nc73784121,834.8637818,,FALSE,FALSE
3.96,nc73783911,875.3270859,,FALSE,FALSE
3.18,nc73782876,829.9261672,,norecord,norecord
3.2,us7000i52k,729.2713722,,FALSE,FALSE
3.33,nc73774035,809.3061783,,FALSE,FALSE
4.4,us7000i3dm,881.8722017,,FALSE,FALSE
3.1,nn00845765,847.6338393,,FALSE,FALSE
4.4,us6000ibfj,731.612671,,norecord,norecord
4.3,us6000iakl,717.5572004,,FALSE,FALSE
3.57,nc73767655,777.1281392,,FALSE,FALSE
3.17,nc73767575,735.352533,,FALSE,FALSE
3.9,us6000ia6p,719.06397,,TRUE,FALSE
4.3,us6000i9du,730.6393069,,FALSE,FALSE
3,us6000i96u,870.2016387,,FALSE,FALSE
3.9,nc73763275,835.4901862,,FALSE,FALSE
4.6,us7000hth5,781.873034,,FALSE,FALSE
3.2,nn00842055,740.1919051,,norecord,norecord
3.54,nc73752561,850.9120049,,norecord,norecord
4.2,us7000hij8,705.1691378,,norecord,norecord
4.2,us7000hhj9,710.6335932,,norecord,norecord
3.79,nc73743421,836.8799601,,norecord,norecord
3.64,nc73739346,836.5084397,,FALSE,FALSE
3.5,us7000hc6l,711.8834974,,FALSE,FALSE
3.05,nc73736021,812.5161104,,norecord,norecord
3,nc73733606,831.7937694,,FALSE,FALSE
3.25,nc73730206,776.5665258,,norecord,norecord
4,us7000h72v,885.9658742,,norecord,norecord
3.2,us7000h02a,859.1291339,,FALSE,FALSE
3.8,nc73714176,811.3422675,,FALSE,FALSE
4.07,nc73714181,810.6135741,,FALSE,FALSE
3.54,nc73713331,740.4570534,,FALSE,FALSE
3.02,nc73713091,765.2845402,,FALSE,FALSE
3.13,nc73708781,838.3156012,,FALSE,FALSE
3.08,nc73708446,705.0020458,,FALSE,FALSE
3.12,nc73815951,908.2044692,,FALSE,FALSE
3.76,nc73804556,910.0812144,,FALSE,FALSE
3.93,uu60515582,941.4210632,,FALSE,FALSE
3.3,nc73780871,907.4953371,,FALSE,FALSE
3,nn00848285,946.2354038,,FALSE,FALSE
3.03,uu60511732,942.0568061,,FALSE,FALSE
3.09,uu60511437,942.457928,,FALSE,FALSE
3.08,uu60511392,942.292195,,FALSE,FALSE
3.13,uu60507652,942.4920056,,FALSE,FALSE
4.24,nc73761796,912.1178003,,FALSE,FALSE
3.67,nc73710361,947.2991392,,FALSE,FALSE
1.67,uw61899251,240.8932683,,FALSE,FALSE
1.48,uw61897301,259.4701012,,FALSE,FALSE
1.45,uw61897281,218.757322,,FALSE,FALSE
1.553609014,uw61885792,201.8448295,,FALSE,FALSE
1.51,uw61881717,253.5189844,,FALSE,FALSE
1.68,uw61881677,281.8792783,,FALSE,FALSE
1.5,uw61890406,265.3731878,,FALSE,FALSE
1.48,uw61889246,218.0376403,,FALSE,FALSE
1.63,uw61877922,218.4654506,,FALSE,FALSE
1.46,uw61877852,218.7515741,,INCONCLUSIVE,FALSE
1.58,uw61877682,245.4074274,,FALSE,FALSE
1.65,uw61877217,296.9571572,,FALSE,FALSE
1.48,uw61876367,258.9891225,,FALSE,FALSE
1.61,uw61875692,297.5294145,,FALSE,FALSE
1.45,uw61881451,276.429959,,FALSE,FALSE
1.46,uw61869567,202.2782903,,FALSE,FALSE
1.63,uw61869237,296.2589803,,FALSE,FALSE
1.56,uw61868432,263.0709971,,FALSE,FALSE
1.69,uw61865892,207.8805687,,FALSE,FALSE
1.7,uw61865007,236.4100826,,norecord,norecord
1.44,uw61868111,227.0433513,,FALSE,FALSE
1.55,uw61502188,256.4627963,,FALSE,FALSE
1.56,uw61851437,202.1605699,,norecord,norecord
1.52,uw61847827,304.2985665,,norecord,norecord
1.66,uw61846042,201.5417673,,norecord,norecord
1.58,uw61845977,217.9023156,,norecord,norecord
1.69,uw61844127,206.3470996,,norecord,norecord
1.53,uw61840792,279.3420294,,norecord,norecord
1.41,uw61840507,227.1046359,,norecord,norecord
1.65,uw61836692,277.9638612,,FALSE,FALSE
1.52,uw61836402,287.4988248,,FALSE,FALSE
1.57,uw61836177,286.6372202,,norecord,norecord
1.4,uw61829707,213.9730569,,norecord,norecord
1.6,uw61830431,261.6790044,,FALSE,FALSE
1.59,uw61820357,220.973882,,FALSE,FALSE
1.63,uw61827646,219.9710215,,FALSE,FALSE
1.58,uw61827116,218.3246272,,FALSE,FALSE
1.49,uw61814552,263.0035737,,norecord,norecord
1.65,uw61814382,263.0469787,,norecord,norecord
1.66,uw61814337,263.0788087,,norecord,norecord
1.41,uw61814332,262.9096203,,norecord,norecord
1.69,uw61814297,262.7390944,,norecord,norecord
1.53,uw61878777,317.877908,,FALSE,FALSE
1.55,uw61876067,347.5977774,,FALSE,FALSE
1.44,uw61874527,329.583303,,FALSE,FALSE
1.43,uw61860422,346.4676282,,FALSE,FALSE
1.54,uw61856162,318.1452284,,FALSE,FALSE
1.51,uw61850662,400.1556412,,norecord,norecord
1.53,uw61835376,347.6448486,,norecord,norecord
4.5,us6000jbf4,954.2883248,,TRUE,FALSE
3,nn00851287,1003.117457,,norecord,norecord
3.1,us7000in1y,983.490427,,FALSE,FALSE
3.19,nc73803326,980.6700044,,norecord,norecord
3.4,nn00849777,992.9642271,,FALSE,FALSE
3.9,us6000ivft,952.8279523,,FALSE,FALSE
3.22,nc73796026,982.6228313,,FALSE,FALSE
3.27,nc73795956,982.4279159,,FALSE,FALSE
3.33,nc73795966,983.0626418,,FALSE,FALSE
3.14,nc73793981,987.9891387,,FALSE,FALSE
3.8,ak022d04emm9,996.3604749,,FALSE,FALSE
3.05,nc73784941,987.2855121,,norecord,norecord
3.33,uu60513027,981.1934127,,FALSE,FALSE
3.26,nc73759571,982.605793,,FALSE,FALSE
4.19,nc73752031,980.8510895,,norecord,norecord
3.01,nc73744931,968.9581694,,norecord,norecord
4.1,us7000h83p,953.8011745,,FALSE,FALSE
3.34,nc73727061,984.5299117,,norecord,norecord
3.32,nc73726581,982.2090623,,norecord,norecord
3.15,nc73719985,985.4434594,,FALSE,FALSE
2.9,nc73828681,846.9573655,,FALSE,FALSE
2.78,nc73828546,846.2023511,,FALSE,FALSE
2.75,nc73827301,809.9111847,,FALSE,FALSE
2.88,nc73825241,819.4380757,,FALSE,FALSE
2.97,nc73824826,839.0130388,,FALSE,FALSE
2.87,nc73824006,827.5040665,,FALSE,FALSE
2.87,nc73822826,813.874059,,FALSE,FALSE
2.99,nc73822561,828.2253768,,FALSE,FALSE
2.85,nc73822406,809.8177951,,FALSE,FALSE
2.77,nc73822256,804.3114047,,FALSE,FALSE
2.74,nc73822111,800.7454208,,FALSE,FALSE
2.81,nc73821776,807.4731552,,FALSE,FALSE
2.77,nc73821301,810.2510886,,FALSE,FALSE
2.75,nc73821241,809.0646036,,FALSE,FALSE
2.74,nc73821196,810.9679924,,FALSE,FALSE
2.73,nc73821186,811.5065918,,FALSE,FALSE
2.71,nc73821181,800.4489675,,FALSE,FALSE
2.99,nc73821156,806.5352392,,FALSE,FALSE
2.72,nc73821136,807.5708193,,FALSE,FALSE
2.96,nc71129519,812.0525493,,FALSE,FALSE
2.76,nc73821066,810.3343075,,TRUE,TRUE
2.77,nc73819121,821.6426927,,FALSE,FALSE
2.9,us6000j98v,884.0358001,,FALSE,FALSE
2.8,us6000j98k,887.8667972,,FALSE,FALSE
2.9,us6000j8x4,852.7226048,,FALSE,FALSE
2.81,nc73816876,897.4136996,,FALSE,FALSE
2.9,us6000j712,848.3501829,,FALSE,FALSE
2.8,us6000j5m5,854.0142015,,FALSE,FALSE
2.9,us7000imjn,825.9172576,,norecord,norecord
2.79,nc73801086,837.0543243,,FALSE,FALSE
2.76,nc73799261,818.0677167,,FALSE,FALSE
2.79,nc73786171,825.2480636,,FALSE,FALSE
2.74,nc73784806,826.6073216,,norecord,norecord
2.77,nc73784676,876.3332168,,FALSE,FALSE
2.89,nc73782861,829.9224813,,FALSE,FALSE
2.96,nc73780981,845.443232,,FALSE,FALSE
2.73,nc73775750,855.8098322,,FALSE,FALSE
2.77,nc73773385,835.6260636,,FALSE,FALSE
2.78,nc73772825,848.5061826,,FALSE,FALSE
3,us6000i96u,870.2016387,,FALSE,FALSE
2.71,nc73764030,829.155914,,FALSE,FALSE
2.8,us6000i3f9,882.2678732,,FALSE,FALSE
2.8,us6000i25p,854.1638321,,norecord,norecord
2.72,nc73741131,835.7072312,,norecord,norecord
2.8,nc73740491,845.0066704,,FALSE,FALSE
2.98,nc71128134,840.0751148,,FALSE,FALSE
2.72,nc73737211,873.9872771,,FALSE,FALSE
2.71,nc73734681,829.3643304,,norecord,norecord
3,nc73733606,831.7937694,,FALSE,FALSE
2.72,nc73728211,802.5318585,,norecord,norecord
2.73,nc73723030,803.6035963,,norecord,norecord
2.78,nc73719900,842.0951633,,FALSE,FALSE
2.77,nc73719065,836.8660427,,FALSE,FALSE
2.88,nc73717945,846.6043921,,FALSE,FALSE
2.78,nc73714286,811.3705116,,FALSE,FALSE
2.79,nc73709221,844.0945555,,FALSE,FALSE
2.4,nc73829011,801.1747823,,FALSE,FALSE
2.4,nc73829011,801.1747823,,FALSE,FALSE
2.54,nc73827871,809.7194515,,FALSE,FALSE
2.43,nc73827591,813.9673017,,norecord,norecord
2.46,nc73827486,800.2786245,,FALSE,FALSE
2.64,nc73827136,806.5798664,,FALSE,FALSE
2.68,nc73825276,809.6554474,,FALSE,FALSE
2.48,nc73824656,810.4373468,,FALSE,FALSE
2.42,nc73824541,804.5195119,,FALSE,FALSE
2.45,nc73824161,808.5948641,,FALSE,FALSE
2.41,nc73822761,805.4919497,,FALSE,FALSE
2.45,nc73822526,802.7130238,,FALSE,FALSE
2.48,nc73822496,805.8058501,,FALSE,FALSE
2.41,nc73822466,811.6477362,,FALSE,FALSE
2.46,nc73822301,812.0398489,,FALSE,FALSE
2.44,nc73822286,810.1098261,,FALSE,FALSE
2.4,nc73822271,801.0025668,,norecord,norecord
2.49,nc73822211,800.7167408,,FALSE,FALSE
2.47,nc73822151,809.8003889,,TRUE,FALSE
2.56,nc73822056,807.4622191,,FALSE,FALSE
2.53,nc73821996,806.0852418,,FALSE,FALSE
2.7,nc73821931,810.3690576,,FALSE,FALSE
2.65,nc73821921,830.2110137,,FALSE,FALSE
2.7,nc73821766,806.6132154,,FALSE,FALSE
2.45,nc73821721,806.9867862,,FALSE,FALSE
2.4,nc73821671,807.6357376,,FALSE,FALSE
2.48,nc73821651,811.964782,,FALSE,FALSE
2.57,nc73821476,808.5231094,,FALSE,FALSE
2.49,nc73821471,808.6867056,,FALSE,FALSE
2.43,nc73821466,809.0932078,,FALSE,FALSE
2.52,nc73821431,809.3926411,,FALSE,FALSE
2.53,nc73821426,808.8207421,,FALSE,FALSE
2.41,nc73821411,807.4557063,,FALSE,FALSE
2.55,nc73821361,815.5877051,,FALSE,FALSE
2.56,nc73821341,806.9378142,,FALSE,FALSE
2.53,nc73821321,806.6230246,,FALSE,FALSE
2.66,nc73821176,809.9161707,,FALSE,FALSE
2.52,nc73821146,807.2321223,,FALSE,FALSE
2.67,nc73821126,806.5524138,,FALSE,FALSE
2.59,nc73821121,806.0255055,,FALSE,FALSE
2.68,nc73821116,807.6853331,,FALSE,FALSE
2.46,nc73819961,827.9979639,,FALSE,FALSE
2.4,nc73818801,817.2725023,,FALSE,FALSE
2.68,nc73817481,827.5109174,,FALSE,FALSE
2.43,nc73813836,831.4521019,,FALSE,FALSE
2.67,nc71129754,835.6324222,,FALSE,FALSE
2.66,nc73811936,830.825901,,FALSE,FALSE
2.53,nc73802800,836.0414683,,FALSE,FALSE
2.67,nc73795876,822.952944,,FALSE,FALSE
2.42,nc73794901,829.138734,,FALSE,FALSE
2.64,nc73792286,828.7368711,,FALSE,FALSE
2.64,nc73792191,829.1229288,,FALSE,FALSE
2.47,nc73787866,801.9443612,,FALSE,FALSE
2.5,nc73775965,833.8974075,,FALSE,FALSE
2.65,nc73771630,800.816793,,FALSE,FALSE
2.52,nc73768410,807.5767349,,norecord,norecord
2.7,nc73767930,828.6260678,,norecord,norecord
2.7,nc73766710,821.0668829,,FALSE,FALSE
2.43,nc73765820,831.2647616,,FALSE,FALSE
2.47,nc73764790,826.8318626,,FALSE,FALSE
2.47,nc73763345,834.9931931,,FALSE,FALSE
2.69,nc73764871,817.6296152,,FALSE,FALSE
2.66,nc73764346,833.2896867,,FALSE,FALSE
2.7,nc73763836,822.663302,,FALSE,FALSE
2.66,nc73763136,834.6186193,,FALSE,FALSE
2.55,nc73756726,830.4062787,,norecord,norecord
2.45,nc73754681,835.8124822,,norecord,norecord
2.65,nc73753046,824.4286656,,norecord,norecord
2.61,nc73747021,824.5856021,,norecord,norecord
2.45,nc73746556,825.5124195,,norecord,norecord
2.63,nc73736091,834.7484526,,FALSE,FALSE
2.47,nc73735891,833.3808244,,norecord,norecord
2.48,nc73729246,823.8039971,,norecord,norecord
2.44,nc73725741,822.4072885,,norecord,norecord
2.55,nc73723750,821.9717555,,norecord,norecord
2.44,mb80543234,829.7712035,,FALSE,FALSE
2.48,nc73718195,814.3331994,,FALSE,FALSE
2.56,nc73718040,820.0493804,,FALSE,FALSE
2.56,nc73717865,816.1095064,,FALSE,FALSE
2.55,nc73717261,814.4128947,,FALSE,FALSE
2.47,nc73714721,815.3276865,,FALSE,FALSE
2.58,nc73714641,831.4752697,,FALSE,FALSE
2.4,nc73714636,815.3812631,,FALSE,FALSE
2.42,nc73708071,807.41248,,norecord,norecord
2.7,nc73828266,844.7369116,,FALSE,FALSE
2.7,nc73828266,844.7369116,,FALSE,FALSE
2.7,us6000j9xa,874.5102782,,FALSE,FALSE
2.48,nc73816421,836.337576,,FALSE,FALSE
2.43,nc73813836,831.4521019,,FALSE,FALSE
2.53,nc73812746,874.3197829,,FALSE,FALSE
2.67,nc71129754,835.6324222,,FALSE,FALSE
2.46,nc73804275,837.595268,,FALSE,FALSE
2.5,nn00850988,871.5844084,,FALSE,FALSE
2.5,nn00850964,869.6305659,,FALSE,FALSE
2.6,nn00850892,870.1271693,,norecord,norecord
2.53,nc73802800,836.0414683,,FALSE,FALSE
2.5,nn00850814,870.8021572,,norecord,norecord
2.51,nc73802510,876.1258518,,FALSE,FALSE
2.68,nc73796946,839.9131727,,FALSE,FALSE
2.64,nc73787496,842.2352184,,FALSE,FALSE
2.45,nc73786766,840.7519318,,FALSE,FALSE
2.52,nc73786101,875.5538486,,FALSE,FALSE
2.59,nc73783921,874.5097977,,FALSE,FALSE
2.5,nc73775965,833.8974075,,FALSE,FALSE
2.7,nc73773725,878.870122,,FALSE,FALSE
2.7,nn00845822,848.8854479,,FALSE,FALSE
2.5,nc73767220,836.6436979,,FALSE,FALSE
2.43,nc73765820,831.2647616,,FALSE,FALSE
2.47,nc73763345,834.9931931,,FALSE,FALSE
2.7,us6000i7dj,900.9517158,,FALSE,FALSE
2.7,nn00843952,859.3359351,,FALSE,FALSE
2.53,nc73762760,836.6744621,,FALSE,FALSE
2.66,nc73764346,833.2896867,,norecord,norecord
2.4,nc73763596,836.4357983,,FALSE,FALSE
2.66,nc73763136,834.6186193,,FALSE,FALSE
2.54,nc73761606,839.7976077,,FALSE,FALSE
2.41,nc73760661,839.3515852,,FALSE,FALSE
2.5,us6000i1fc,868.8311855,,norecord,norecord
2.6,us6000i0dq,856.546304,,norecord,norecord
2.45,nc73754681,835.8124822,,norecord,norecord
2.62,nc73753546,839.213557,,norecord,norecord
2.7,us7000hkcw,854.4695403,,norecord,norecord
2.47,nc73737941,836.3592722,,norecord,norecord
2.5,nn00839553,869.078594,,FALSE,FALSE
2.5,nn00839547,869.7796751,,FALSE,FALSE
2.4,nn00839535,869.5423338,,FALSE,FALSE
2.58,nc73737316,891.4400685,,FALSE,FALSE
2.63,nc73736091,834.7484526,,FALSE,FALSE
2.47,nc73735891,833.3808244,,norecord,norecord
2.5,us6000hlg7,840.7582286,,FALSE,FALSE
2.59,nc73720115,840.8812883,,FALSE,FALSE
2.6,nc73716606,836.5017895,,FALSE,FALSE
2.58,nc73714641,831.4752697,,FALSE,FALSE
2.52,nc73714596,843.7983759,,FALSE,FALSE
2.4,nn00836431,857.7347268,,FALSE,FALSE
2.6,nn00836357,880.5190129,,FALSE,FALSE
2.72,nc73813076,958.7879649,,FALSE,FALSE
3,nn00851287,1003.117457,,FALSE,FALSE
2.96,nc73805070,982.1203606,,FALSE,FALSE
2.76,nc73802785,906.9510958,,FALSE,FALSE
2.94,nc73803321,980.6477232,,norecord,norecord
2.83,nc73802826,980.335661,,norecord,norecord
2.8,nn00849776,991.4306818,,FALSE,FALSE
2.78,nc73797401,980.7214652,,FALSE,FALSE
2.8,ak022diesh0m,950.8910565,,FALSE,FALSE
2.8,nn00849284,941.3172682,,FALSE,FALSE
2.85,uu60520327,941.9369035,,FALSE,FALSE
2.73,nc73792771,955.8427834,,FALSE,FALSE
2.8,nn00848972,941.4097943,,FALSE,FALSE
2.9,ak022d04aesf,996.1403172,,FALSE,FALSE
2.77,uu60518737,921.3081253,,FALSE,FALSE
2.73,uu60517497,942.3458074,,FALSE,FALSE
2.93,uu60516787,942.2357717,,FALSE,FALSE
2.74,nc73780841,907.3419562,,FALSE,FALSE
2.89,uu60514627,942.0959262,,FALSE,FALSE
2.93,nc73780211,980.7818987,,FALSE,FALSE
2.95,nc73779746,985.436523,,FALSE,FALSE
3,nn00848285,946.2354038,,FALSE,FALSE
2.71,uu60511947,941.8240695,,FALSE,FALSE
2.8,uu60508917,942.5225439,,FALSE,FALSE
2.78,nc73764286,960.5597137,,FALSE,FALSE
2.76,nc73760391,989.0848713,,FALSE,FALSE
2.93,nc71128289,983.3718831,,FALSE,FALSE
2.99,nc73739561,984.3635183,,FALSE,FALSE
2.84,nc73728751,981.7592889,,norecord,norecord
2.71,nc73726571,982.8468344,,norecord,norecord
2.74,nc73723705,941.4600662,,norecord,norecord
2.74,nc73723210,981.003106,,norecord,norecord
2.93,nc73721675,981.8914591,,FALSE,FALSE
2.82,nc73721640,985.762937,,FALSE,FALSE
2.74,nc73719250,983.9553899,,FALSE,FALSE
2.77,nc73719205,983.8347881,,FALSE,FALSE
2.71,nc73713056,989.8430369,,FALSE,FALSE
2.75,nc73711961,984.3307656,,FALSE,FALSE
3,nn00851287,1003.117457,,norecord,norecord
2.83,nc73802826,980.335661,,norecord,norecord 
2.74,nc73719250,983.9553899,,norecord,norecord
2,nn00853983,666.8858914,,FALSE,FALSE
2.3,nn00853663,662.9888043,,FALSE,FALSE
2,us6000jr5g,653.1840045,,FALSE,FALSE
2.2,nn00853603,666.7519342,,FALSE,FALSE
2.3,us6000jpt8,669.6228058,,FALSE,FALSE
2.3,us6000jpt6,669.5448028,,FALSE,FALSE
2,us6000jpt3,668.313303,,FALSE,FALSE
2.3,us6000jpt2,669.1534588,,FALSE,FALSE
2,nn00853279,667.0580093,,FALSE,FALSE
2.2,nn00853105,669.2172448,,FALSE,FALSE
2.1,nn00852983,667.7548861,,FALSE,FALSE
2.3,nn00852981,665.4896677,,FALSE,FALSE
2.2,nn00852956,669.4969709,,FALSE,FALSE
2.3,us6000j7v2,664.1258094,,FALSE,FALSE
2,nn00852846,667.8622613,,FALSE,FALSE
2,us6000jn7n,667.8437533,,FALSE,FALSE
2,nn00852793,668.2861142,,FALSE,FALSE
2,nn00852720,666.4803153,,FALSE,FALSE
2.3,us6000j70h,666.0538735,,FALSE,FALSE
2.2,nn00852562,666.6731267,,FALSE,FALSE
2.1,us6000jjxd,666.3981907,,FALSE,FALSE
2.1,us6000jjwr,668.9531506,,FALSE,FALSE
2,nn00851494,667.9256076,,TRUE,FALSE
2.1,nn00851488,668.0776679,,FALSE,FALSE
2,us7000in1j,661.6648794,,FALSE,FALSE
2.3,us7000imze,671.7166817,,FALSE,FALSE
2.2,us7000ilbv,653.4470215,,FALSE,FALSE
2.3,us7000ikf2,655.2938291,,FALSE,FALSE
2.2,us7000ikcm,654.7957817,,FALSE,FALSE
2.1,us6000j7ap,667.0688661,,FALSE,FALSE
2.2,us6000ived,668.1652566,,FALSE,FALSE
2,us6000itjg,663.3897974,,FALSE,FALSE
2,us6000is3i,661.9810688,,FALSE,FALSE
2.3,us6000irya,670.3011591,,FALSE,FALSE
2,us6000iqzv,665.8956432,,FALSE,FALSE
2.2,us6000iqwf,673.3230999,,FALSE,FALSE
2.1,us6000iqks,651.8020971,,FALSE,FALSE
2.3,us6000iq5e,664.8156243,,FALSE,FALSE
2.1,us7000ikem,663.4718522,,FALSE,FALSE
2,us6000iv13,666.7342174,,FALSE,FALSE
2,us6000isgz,665.1894145,,FALSE,FALSE
2.1,us6000ihzc,662.8691168,,FALSE,FALSE
2.1,us7000i4vq,663.362464,,FALSE,FALSE
2.14,uw61868217,652.9609001,,FALSE,FALSE
2.2,us7000i386,650.6434945,,FALSE,FALSE
2,us7000i353,650.400314,,FALSE,FALSE
2.2,us7000i351,662.7963156,,FALSE,FALSE
2,us6000ip7t,650.8545195,,FALSE,FALSE
2.1,us7000i2na,670.3633881,,FALSE,FALSE
2.3,us7000i2i5,669.2201293,,FALSE,FALSE
2.3,us7000i2i4,669.146427,,FALSE,FALSE
2,us7000i2hr,663.2165489,,FALSE,FALSE
2.2,us6000iq2h,661.9372789,,FALSE,FALSE
2.1,us6000ipw3,656.8032962,,FALSE,FALSE
2.1,us7000i1z9,669.423425,,FALSE,FALSE
2,us6000ip4x,666.6407104,,FALSE,FALSE
2,us7000i9hl,664.4078038,,norecord,norecord
2.1,us7000i8yz,669.9808658,,FALSE,FALSE
2.3,us6000i9ka,670.3454893,,FALSE,FALSE
2.1,us6000i8r9,660.3515531,,FALSE,FALSE
2.2,us6000i80m,656.7357789,,FALSE,FALSE
2.1,us6000i7ri,663.281903,,FALSE,FALSE
2,us7000i7l1,657.0442095,,FALSE,FALSE
2,us7000i7k6,669.8634297,,FALSE,FALSE
2,us7000i5kh,665.4878058,,FALSE,FALSE
2.1,us7000i5jy,656.6760437,,FALSE,FALSE
2.14,mb80552459,658.3355706,,FALSE,FALSE
2.09,mb80552489,660.8650685,,FALSE,FALSE
2.3,us7000hsaz,661.7317847,,FALSE,FALSE
2.22,mb80551574,666.9301411,,FALSE,FALSE
2.3,us7000hf2r,668.0415643,,FALSE,FALSE
2.3,us7000hesf,664.33682,,FALSE,FALSE
2.03,mb80547499,666.0074208,,FALSE,FALSE
2.03,mb80547469,656.2230603,,FALSE,FALSE
2.3,us7000hdpc,655.4116707,,FALSE,FALSE
2.15,mb80547429,660.4054665,,FALSE,FALSE
2.04,mb80546604,653.8070549,,FALSE,FALSE
2.37,mb80546599,655.7050901,,FALSE,FALSE
2.15,mb80546589,660.6113067,,FALSE,FALSE
2.2,us6000hmbp,653.439917,,FALSE,FALSE
2.2,us6000hly8,653.553989,,FALSE,FALSE
2.36,mb80546089,666.3581945,,FALSE,FALSE
2.22,mb80546014,663.3268538,,FALSE,FALSE
2.31,mb80545754,656.0301894,,FALSE,FALSE
2.08,mb80545579,661.2450309,,FALSE,FALSE
2.15,mb80545544,661.7704959,,FALSE,FALSE
2.07,mb80545459,661.3030373,,FALSE,FALSE
2.01,mb80545449,666.2033197,,FALSE,FALSE
2.13,mb80545439,659.9958335,,FALSE,FALSE
2.3,us7000h84z,665.6876211,,FALSE,FALSE
2.14,mb80545324,666.3492739,,FALSE,FALSE
2.33,mb80545294,660.9511087,,FALSE,FALSE
2.11,mb80545279,660.707638,,FALSE,FALSE
2.06,mb80545269,660.1930621,,FALSE,FALSE
2.04,mb80543939,654.1073187,,norecord,norecord
2.22,mb80543509,660.2656229,,FALSE,FALSE
2.2,mb80543409,659.0810955,,FALSE,FALSE
2.04,mb80543279,663.6739823,,FALSE,FALSE
2.36,mb80543244,662.2291333,,FALSE,FALSE
2,mb80543189,660.6094848,,FALSE,FALSE
2.31,mb80543124,659.7734588,,FALSE,FALSE
2.12,mb80543054,655.0922418,,norecord,norecord
2.26,mb80543014,653.520398,,FALSE,FALSE
2.19,mb80542934,666.7322638,,FALSE,FALSE
2.11,mb80542889,667.5503048,,FALSE,FALSE
2.19,mb80542884,664.4758958,,FALSE,FALSE
2.3,us7000j2q2,683.6039534,,FALSE,FALSE
2.3,us7000j14f,672.2906094,,FALSE,FALSE
2.1,us6000jbqd,688.919354,,FALSE,FALSE
2.3,us7000imze,671.7166817,,FALSE,FALSE
2.1,us6000j9c1,693.6746213,,FALSE,FALSE
2.1,us6000iv4e,690.6394092,,FALSE,FALSE
2.1,us6000iuu9,674.1046787,,FALSE,FALSE
2.1,us6000isa0,690.847898,,FALSE,FALSE
2.3,us7000imnm,674.5537453,,FALSE,FALSE
2.2,us6000iqwf,673.3230999,,FALSE,FALSE
2,us6000iid4,694.0481863,,FALSE,FALSE
2.2,us6000ir23,679.1422073,,FALSE,FALSE
2.1,us6000ir1u,680.339689,,FALSE,FALSE
2.1,us6000ir1t,678.8223515,,FALSE,FALSE
2,us7000i52m,696.8316349,,norecord,norecord
2,us6000iq3l,690.0501992,,FALSE,FALSE
2,us7000iaup,678.3005703,,norecord,norecord
2,us7000i9ii,678.5416225,,FALSE,FALSE
2.34,nc73767645,683.3982838,,FALSE,FALSE
2,us7000i8em,681.5164438,,FALSE,FALSE
2,us7000i8ec,685.2795723,,FALSE,FALSE
2.09,mb80552189,684.3425041,,FALSE,FALSE
2.38,mb80551689,690.012402,,FALSE,FALSE
2,mb80551629,689.0171665,,FALSE,FALSE
2.05,mb80551589,688.8332328,,FALSE,FALSE
2.3,us6000i2z7,685.2947316,,FALSE,FALSE
2.28,mb80551534,689.1268498,,FALSE,FALSE
2.02,mb80551289,689.1043851,,FALSE,FALSE
2.06,mb80551224,685.1775249,,norecord,norecord
2.35,mb80551049,683.5849142,,norecord,norecord
2.3,us6000i1c2,680.6435293,,norecord,norecord
2,mb80550184,679.835819,,norecord,norecord
2.1,us7000hcdn,683.2955699,,FALSE,FALSE
2.12,mb80546529,682.6240659,,norecord,norecord
2.3,mb80546469,685.3717022,,FALSE,FALSE
2.21,mb80546459,675.092825,,FALSE,FALSE
2.3,us6000hmwz,675.1062055,,FALSE,FALSE
2.24,mb80546129,701.2780176,,norecord,norecord
2.38,mb80545944,676.6414457,,FALSE,FALSE
2.1,mb80545869,677.2290446,,FALSE,FALSE
2.2,us7000h69x,675.295331,,norecord,norecord
2.31,mb80544424,675.4344978,,norecord,norecord
2.16,mb80543959,679.2338517,,norecord,norecord
2,mb80542644,688.3807678,,FALSE,FALSE
2.2,nc73715671,691.6906673,,FALSE,FALSE
2.01,mb80542104,672.8701546,,FALSE,FALSE
2.34,mb80541974,680.5996194,,FALSE,FALSE
2,mb80541899,694.2223774,,norecord,norecord
2.17,mb80541624,677.8406481,,FALSE,FALSE
2.3,us7000gxnq,676.9061531,,FALSE,FALSE
2,mb80541539,676.527069,,FALSE,FALSE
2.11,mb80541414,680.097436,,FALSE,FALSE
2.3,us6000h5pz,676.113643,,norecord,norecord
1.6,us7000jgpw,601.8815783,,FALSE,FALSE
1.4,uw61897511,522.8926784,,FALSE,FALSE
1.7,us7000j3di,507.0744542,,FALSE,FALSE
1.42,uw61879942,590.3222905,,FALSE,FALSE
1.51,uw61886441,421.004994,,FALSE,FALSE
1.46,uw61886371,461.9423028,,FALSE,FALSE
1.56,uw61884401,580.6794973,,FALSE,FALSE
1.7,us6000iiep,489.20781,,FALSE,FALSE
1.57,uw61868097,565.6668349,,FALSE,FALSE
1.58,uw61876546,424.9866571,,FALSE,FALSE
1.6,us7000iacu,600.9739335,,norecord,norecord
1.5,us7000i8ft,502.5583777,,FALSE,FALSE
1.7,us7000i5kf,600.210417,,FALSE,FALSE
1.6,us6000i5sr,588.9048877,,FALSE,FALSE
1.63,uw61855347,510.552339,,FALSE,FALSE
1.65,uw61862151,470.3497068,,FALSE,FALSE
1.51,mb80551359,490.4870088,,norecord,norecord
1.42,mb80550664,492.1155905,,norecord,norecord
1.58,mb80549364,491.6471882,,norecord,norecord
1.7,uw61847076,479.1634875,,FALSE,FALSE
1.59,uw61835947,474.1313447,,norecord,norecord
1.62,uw61834587,468.2728226,,FALSE,FALSE
1.42,uw61832237,564.7320235,,FALSE,FALSE
1.49,uw61827897,565.2400995,,norecord,norecord
1.56,uw61822462,590.9132376,,FALSE,FALSE
1.68,uw61830321,566.6367008,,FALSE,FALSE
1.69,uw61820432,482.0952265,,FALSE,FALSE
1.7,nn00838062,600.5136341,,FALSE,FALSE
1.53,uw61817212,599.9714796,,FALSE,FALSE
1.65,uw61816057,444.4823776,,FALSE,FALSE
1.51,uw61815352,600.1066724,,FALSE,FALSE
1.52,uw61822851,598.9213089,,norecord,norecord
1.6,us7000jgpw,601.8815783,,FALSE,FALSE
1.4,nn00854276,636.5732028,,FALSE,FALSE
1.7,us6000jptg,652.0312605,,FALSE,FALSE
1.6,nn00853284,664.5069304,,FALSE,FALSE
1.4,nn00853286,632.328615,,TRUE,FALSE
1.7,us6000jn7p,661.5670215,,FALSE,FALSE
1.4,nn00852847,663.3531519,,FALSE,FALSE
1.4,nn00852844,664.2743186,,FALSE,FALSE
1.6,uw61893956,623.6792445,,FALSE,FALSE
1.4,us7000j3dv,657.0103166,,FALSE,FALSE
1.4,us7000j1t9,654.5391121,,FALSE,FALSE
1.4,us7000j1t2,655.6186455,,FALSE,FALSE
1.6,us7000j1sp,661.5699402,,FALSE,FALSE
1.5,us7000j1sm,660.7640777,,FALSE,FALSE
1.5,us7000j1sc,662.1130897,,FALSE,FALSE
1.5,us7000j1ri,662.5902923,,FALSE,FALSE
1.5,us7000j1lf,656.9522899,,FALSE,FALSE
1.6,us7000j1lc,655.5937893,,FALSE,FALSE
1.4,us7000j1iy,627.6677594,,norecord,norecord
1.5,us6000jbqn,655.2263672,,FALSE,FALSE
1.6,us6000jbqk,655.3661776,,FALSE,FALSE
1.4,us6000jaax,662.6402809,,FALSE,FALSE
1.6,us6000jaaw,643.8602626,,FALSE,FALSE
1.5,us6000jaak,662.6610055,,FALSE,FALSE
1.5,us6000j9ce,655.0706145,,FALSE,FALSE
1.4,us6000j9br,652.0949333,,FALSE,FALSE
1.6,uw61889621,663.8672892,,FALSE,FALSE
1.5,us7000irh8,641.1413673,,norecord,norecord
1.4,us7000iptt,662.9031064,,norecord,norecord
1.5,us6000isea,655.7245256,,FALSE,FALSE
1.5,us7000in1d,657.2535038,,FALSE,FALSE
1.5,us6000irxc,655.5732566,,FALSE,FALSE
1.4,us7000in0v,660.5316604,,FALSE,FALSE
1.6,us7000imvg,662.177084,,FALSE,FALSE
1.6,us7000imuy,658.1999826,,FALSE,FALSE
1.6,us7000imvp,651.7487983,,FALSE,FALSE
1.4,us7000il9w,605.3641386,,FALSE,FALSE
1.6,us7000il9i,660.0130564,,FALSE,FALSE
1.6,us7000il8q,660.0448479,,FALSE,FALSE
1.5,us7000il8e,648.9314954,,FALSE,FALSE
1.5,us7000il87,660.2174885,,FALSE,FALSE
1.7,us6000ivne,659.7705867,,FALSE,FALSE
1.5,us6000ivmu,661.0518137,,FALSE,FALSE
1.4,us6000iun7,660.8352676,,FALSE,FALSE
1.6,us6000ium3,652.7087687,,FALSE,FALSE
1.4,us6000iu13,661.1175675,,FALSE,FALSE
1.5,us6000it73,660.7994036,,FALSE,FALSE
1.7,us6000ishp,662.4887118,,FALSE,FALSE
1.6,us6000isg7,662.8985326,,FALSE,FALSE
1.6,us7000i806,656.7010511,,FALSE,FALSE
1.5,us6000is75,647.0189549,,FALSE,FALSE
1.5,us6000is5g,662.1838399,,FALSE,FALSE
1.5,us6000irqe,661.471986,,FALSE,FALSE
1.7,us6000irgf,662.5936949,,norecord,norecord
1.5,us6000irfm,662.836917,,FALSE,FALSE
1.5,us6000irfi,655.525125,,FALSE,FALSE
1.4,us6000ird6,653.2161009,,FALSE,FALSE
1.5,us6000irdl,662.7009047,,FALSE,FALSE
1.5,us6000ir19,661.6323263,,FALSE,FALSE
1.4,us6000iqnw,634.3051319,,FALSE,FALSE
1.4,us6000iqnu,649.8234567,,FALSE,FALSE
1.4,us6000iqmp,648.6831563,,FALSE,FALSE
1.6,us6000iqmt,663.0190586,,FALSE,FALSE
1.4,us6000iqmn,660.6507791,,FALSE,FALSE
1.4,us6000iq0u,662.1360338,,FALSE,FALSE
1.5,us6000ip9d,647.0909303,,FALSE,FALSE
1.4,us6000ip8n,661.3519944,,FALSE,FALSE
1.49,uw61866907,614.3644085,,FALSE,FALSE
1.4,us6000ip84,662.6650586,,FALSE,FALSE
1.7,us7000i33d,649.5452673,,FALSE,FALSE
1.6,us6000ip7v,649.7774783,,FALSE,FALSE
1.4,us6000ip7u,651.3522457,,FALSE,FALSE
1.5,us6000ip7n,650.0423588,,FALSE,FALSE
1.6,us6000ip6j,659.0086995,,FALSE,FALSE
1.4,us6000iq37,661.3032627,,FALSE,FALSE
1.5,us6000iq34,661.9339588,,FALSE,FALSE
1.4,us6000iq2x,661.3257198,,FALSE,FALSE
1.5,us6000iq2u,661.3460334,,FALSE,FALSE
1.6,us6000iq2t,661.3932512,,FALSE,FALSE
1.4,us6000inl0,657.4011398,,norecord,norecord
1.7,us7000iauy,662.2834089,,norecord,norecord
1.5,us7000iauq,661.2119879,,norecord,norecord
1.7,us7000iaua,662.0933767,,norecord,norecord
1.5,us7000iau4,661.0448437,,norecord,norecord
1.7,us7000iau2,660.9642477,,norecord,norecord
1.44,uw61864362,616.4092139,,norecord,norecord
1.48,uw61873296,624.2374441,,norecord,norecord
1.4,us7000i9py,652.9836092,,norecord,norecord
1.6,us7000i9pr,656.6689978,,norecord,norecord
1.5,us7000i9p4,651.5818875,,norecord,norecord
1.6,us7000i9np,661.8875707,,norecord,norecord
1.6,us7000i8sp,654.5397031,,FALSE,FALSE
1.5,us7000i8sf,654.2061409,,FALSE,FALSE
1.4,us7000i8zr,659.1061851,,FALSE,FALSE
1.7,us7000i867,662.8526426,,FALSE,FALSE
1.4,us7000i8gk,656.5516413,,FALSE,FALSE
1.7,us7000i7kz,663.252908,,FALSE,FALSE
1.6,us7000i7kt,662.7540377,,FALSE,FALSE
1.6,us6000ii4m,651.0181522,,FALSE,FALSE
1.7,us6000ii4s,639.3227202,,FALSE,FALSE
1.4,us6000ii24,656.1234245,,FALSE,FALSE
1.4,us7000i5ka,648.5186977,,FALSE,FALSE
1.69,mb80551744,656.2661389,,FALSE,FALSE
1.45,mb80551614,662.0357919,,FALSE,FALSE
1.4,mb80549739,621.1130244,,norecord,norecord
1.52,mb80546564,661.7917972,,norecord,norecord
1.66,mb80545349,654.7775017,,FALSE,FALSE
1.41,mb80544744,661.3691941,,norecord,norecord
1.4,mb80544674,650.9205091,,norecord,norecord
1.4,nn00838083,657.5818967,,norecord,norecord
1.61,mb80544339,648.2335415,,norecord,norecord
1.61,mb80543629,662.2147049,,FALSE,FALSE
1.58,mb80543079,611.9646211,,FALSE,FALSE
1.57,mb80542819,661.7389614,,FALSE,FALSE
1.54,mb80542494,654.5901895,,FALSE,FALSE
1.6,nn00835981,665.1730427,,FALSE,FALSE